Date,0
2015-01-05,1.1904761904761904e-06
2015-01-06,1.1904761904761904e-06
2015-01-07,1.1904761904761904e-06
2015-01-08,1.1904761904761904e-06
2015-01-09,7.936507936507937e-07
2015-01-12,1.1904761904761904e-06
2015-01-13,1.1904761904761904e-06
2015-01-14,1.5873015873015873e-06
2015-01-15,1.1904761904761904e-06
2015-01-16,1.1904761904761904e-06
2015-01-20,1.1904761904761904e-06
2015-01-21,1.1904761904761904e-06
2015-01-22,1.1904761904761904e-06
2015-01-23,7.936507936507937e-07
2015-01-26,1.1904761904761904e-06
2015-01-27,7.936507936507937e-07
2015-01-28,7.936507936507937e-07
2015-01-29,1.1904761904761904e-06
2015-01-30,7.936507936507937e-07
2015-02-02,7.936507936507937e-07
2015-02-03,7.936507936507937e-07
2015-02-04,3.9682539682539683e-07
2015-02-05,7.936507936507937e-07
2015-02-06,7.936507936507937e-07
2015-02-09,3.9682539682539683e-07
2015-02-10,3.9682539682539683e-07
2015-02-11,3.9682539682539683e-07
2015-02-12,7.936507936507937e-07
2015-02-13,3.9682539682539683e-07
2015-02-17,7.936507936507937e-07
2015-02-18,7.936507936507937e-07
2015-02-19,7.936507936507937e-07
2015-02-20,7.936507936507937e-07
2015-02-23,7.936507936507937e-07
2015-02-24,7.936507936507937e-07
2015-02-25,7.936507936507937e-07
2015-02-26,1.1904761904761904e-06
2015-02-27,7.936507936507937e-07
2015-03-02,7.936507936507937e-07
2015-03-03,7.936507936507937e-07
2015-03-04,3.9682539682539683e-07
2015-03-05,7.936507936507937e-07
2015-03-06,3.9682539682539683e-07
2015-03-09,7.936507936507937e-07
2015-03-10,7.936507936507937e-07
2015-03-11,1.1904761904761904e-06
2015-03-12,1.1904761904761904e-06
2015-03-13,1.1904761904761904e-06
2015-03-16,1.984126984126984e-06
2015-03-17,1.984126984126984e-06
2015-03-18,1.1904761904761904e-06
2015-03-19,1.1904761904761904e-06
2015-03-20,3.9682539682539683e-07
2015-03-23,1.1904761904761904e-06
2015-03-24,7.936507936507937e-07
2015-03-25,1.5873015873015873e-06
2015-03-26,1.1904761904761904e-06
2015-03-27,1.5873015873015873e-06
2015-03-30,1.5873015873015873e-06
2015-03-31,1.1904761904761904e-06
2015-04-01,1.1904761904761904e-06
2015-04-02,7.936507936507937e-07
2015-04-06,1.1904761904761904e-06
2015-04-07,7.936507936507937e-07
2015-04-08,1.1904761904761904e-06
2015-04-09,1.1904761904761904e-06
2015-04-10,7.936507936507937e-07
2015-04-13,1.1904761904761904e-06
2015-04-14,7.936507936507937e-07
2015-04-15,7.936507936507937e-07
2015-04-16,7.936507936507937e-07
2015-04-17,3.9682539682539683e-07
2015-04-20,1.1904761904761904e-06
2015-04-21,1.1904761904761904e-06
2015-04-22,1.1904761904761904e-06
2015-04-23,1.1904761904761904e-06
2015-04-24,1.1904761904761904e-06
2015-04-27,7.936507936507937e-07
2015-04-28,7.936507936507937e-07
2015-04-29,3.9682539682539683e-07
2015-04-30,3.9682539682539683e-07
2015-05-01,3.9682539682539683e-07
2015-05-04,7.936507936507937e-07
2015-05-05,3.9682539682539683e-07
2015-05-06,7.936507936507937e-07
2015-05-07,3.9682539682539683e-07
2015-05-08,3.9682539682539683e-07
2015-05-11,7.936507936507937e-07
2015-05-12,1.1904761904761904e-06
2015-05-13,7.936507936507937e-07
2015-05-14,3.9682539682539683e-07
2015-05-15,7.936507936507937e-07
2015-05-18,7.936507936507937e-07
2015-05-19,7.936507936507937e-07
2015-05-20,7.936507936507937e-07
2015-05-21,7.936507936507937e-07
2015-05-22,7.936507936507937e-07
2015-05-26,7.936507936507937e-07
2015-05-27,3.9682539682539683e-07
2015-05-28,3.9682539682539683e-07
2015-05-29,3.9682539682539683e-07
2015-06-01,7.936507936507937e-07
2015-06-02,3.9682539682539683e-07
2015-06-03,7.936507936507937e-07
2015-06-04,7.936507936507937e-07
2015-06-05,1.1904761904761904e-06
2015-06-08,7.936507936507937e-07
2015-06-09,7.936507936507937e-07
2015-06-10,7.936507936507937e-07
2015-06-11,3.9682539682539683e-07
2015-06-12,7.936507936507937e-07
2015-06-15,7.936507936507937e-07
2015-06-16,3.9682539682539683e-07
2015-06-17,3.9682539682539683e-07
2015-06-18,3.9682539682539683e-07
2015-06-19,3.9682539682539683e-07
2015-06-22,3.9682539682539683e-07
2015-06-23,3.9682539682539683e-07
2015-06-24,3.9682539682539683e-07
2015-06-25,3.9682539682539683e-07
2015-06-26,3.9682539682539683e-07
2015-06-29,7.936507936507937e-07
2015-06-30,3.9682539682539683e-07
2015-07-01,3.9682539682539683e-07
2015-07-02,3.9682539682539683e-07
2015-07-06,7.936507936507937e-07
2015-07-07,7.936507936507937e-07
2015-07-08,7.936507936507937e-07
2015-07-09,1.1904761904761904e-06
2015-07-10,3.9682539682539683e-07
2015-07-13,7.936507936507937e-07
2015-07-14,3.9682539682539683e-07
2015-07-15,7.936507936507937e-07
2015-07-16,7.936507936507937e-07
2015-07-17,1.1904761904761904e-06
2015-07-20,1.5873015873015873e-06
2015-07-21,1.1904761904761904e-06
2015-07-22,1.5873015873015873e-06
2015-07-23,1.1904761904761904e-06
2015-07-24,1.5873015873015873e-06
2015-07-27,1.984126984126984e-06
2015-07-28,1.984126984126984e-06
2015-07-29,2.3809523809523808e-06
2015-07-30,2.7777777777777783e-06
2015-07-31,3.1746031746031746e-06
2015-08-03,3.1746031746031746e-06
2015-08-04,3.1746031746031746e-06
2015-08-05,3.1746031746031746e-06
2015-08-06,1.5873015873015873e-06
2015-08-07,2.3809523809523808e-06
2015-08-10,4.7619047619047615e-06
2015-08-11,3.968253968253968e-06
2015-08-12,3.968253968253968e-06
2015-08-13,3.968253968253968e-06
2015-08-14,3.5714285714285714e-06
2015-08-17,3.968253968253968e-06
2015-08-18,2.7777777777777783e-06
2015-08-19,1.984126984126984e-06
2015-08-20,7.936507936507937e-07
2015-08-21,1.1904761904761904e-06
2015-08-24,2.3809523809523808e-06
2015-08-25,2.7777777777777783e-06
2015-08-26,2.3809523809523808e-06
2015-08-27,2.3809523809523808e-06
2015-08-28,2.3809523809523808e-06
2015-08-31,3.1746031746031746e-06
2015-09-01,1.1904761904761904e-06
2015-09-02,1.1904761904761904e-06
2015-09-03,7.936507936507937e-07
2015-09-04,7.936507936507937e-07
2015-09-08,2.3809523809523808e-06
2015-09-09,1.1904761904761904e-06
2015-09-10,7.936507936507937e-07
2015-09-11,1.5873015873015873e-06
2015-09-14,2.7777777777777783e-06
2015-09-15,2.7777777777777783e-06
2015-09-16,2.3809523809523808e-06
2015-09-17,3.9682539682539683e-07
2015-09-18,0.0
2015-09-21,3.9682539682539683e-07
2015-09-22,0.0
2015-09-23,3.9682539682539683e-07
2015-09-24,3.9682539682539683e-07
2015-09-25,0.0
2015-09-28,3.9682539682539683e-07
2015-09-29,3.9682539682539683e-07
2015-09-30,0.0
2015-10-01,0.0
2015-10-02,0.0
2015-10-05,3.9682539682539683e-07
2015-10-06,0.0
2015-10-07,0.0
2015-10-08,0.0
2015-10-09,3.9682539682539683e-07
2015-10-12,3.9682539682539683e-07
2015-10-13,3.9682539682539683e-07
2015-10-14,0.0
2015-10-15,3.9682539682539683e-07
2015-10-16,3.9682539682539683e-07
2015-10-19,7.936507936507937e-07
2015-10-20,7.936507936507937e-07
2015-10-21,3.9682539682539683e-07
2015-10-22,0.0
2015-10-23,3.9682539682539683e-07
2015-10-26,7.936507936507937e-07
2015-10-27,1.1904761904761904e-06
2015-10-28,1.5873015873015873e-06
2015-10-29,2.7777777777777783e-06
2015-10-30,3.1746031746031746e-06
2015-11-02,3.1746031746031746e-06
2015-11-03,2.3809523809523808e-06
2015-11-04,1.984126984126984e-06
2015-11-05,1.984126984126984e-06
2015-11-06,3.1746031746031746e-06
2015-11-09,5.555555555555557e-06
2015-11-10,5.158730158730158e-06
2015-11-11,5.158730158730158e-06
2015-11-12,5.555555555555557e-06
2015-11-13,5.555555555555557e-06
2015-11-16,5.9523809523809525e-06
2015-11-17,5.555555555555557e-06
2015-11-18,4.7619047619047615e-06
2015-11-19,4.365079365079366e-06
2015-11-20,4.7619047619047615e-06
2015-11-23,5.555555555555557e-06
2015-11-24,6.349206349206349e-06
2015-11-25,7.5396825396825394e-06
2015-11-27,7.142857142857143e-06
2015-11-30,8.730158730158731e-06
2015-12-01,8.333333333333332e-06
2015-12-02,8.333333333333332e-06
2015-12-03,8.333333333333332e-06
2015-12-04,9.126984126984127e-06
2015-12-07,1.1507936507936508e-05
2015-12-08,1.0714285714285714e-05
2015-12-09,1.0317460317460317e-05
2015-12-10,9.523809523809523e-06
2015-12-11,9.126984126984127e-06
2015-12-14,1.0317460317460317e-05
2015-12-15,9.92063492063492e-06
2015-12-16,1.0714285714285714e-05
2015-12-17,9.126984126984127e-06
2015-12-18,7.5396825396825394e-06
2015-12-21,9.523809523809523e-06
2015-12-22,8.333333333333332e-06
2015-12-23,7.936507936507936e-06
2015-12-24,7.936507936507936e-06
2015-12-28,9.126984126984127e-06
2015-12-29,9.126984126984127e-06
2015-12-30,8.333333333333332e-06
2015-12-31,6.349206349206349e-06
2016-01-04,8.730158730158731e-06
2016-01-05,7.936507936507936e-06
2016-01-06,8.333333333333332e-06
2016-01-07,7.936507936507936e-06
2016-01-08,7.936507936507936e-06
2016-01-11,8.333333333333332e-06
2016-01-12,8.333333333333332e-06
2016-01-13,8.730158730158731e-06
2016-01-14,9.92063492063492e-06
2016-01-15,9.523809523809523e-06
2016-01-19,1.0317460317460317e-05
2016-01-20,1.0317460317460317e-05
2016-01-21,1.1111111111111113e-05
2016-01-22,1.2301587301587301e-05
2016-01-25,1.2301587301587301e-05
2016-01-26,1.2301587301587301e-05
2016-01-27,1.2698412698412699e-05
2016-01-28,1.3888888888888888e-05
2016-01-29,1.3095238095238094e-05
2016-02-01,1.3888888888888888e-05
2016-02-02,1.3492063492063494e-05
2016-02-03,1.3095238095238094e-05
2016-02-04,1.1507936507936508e-05
2016-02-05,1.1904761904761905e-05
2016-02-08,1.2698412698412699e-05
2016-02-09,1.1904761904761905e-05
2016-02-10,1.2301587301587301e-05
2016-02-11,1.1111111111111113e-05
2016-02-12,1.1904761904761905e-05
2016-02-16,1.1904761904761905e-05
2016-02-17,1.1904761904761905e-05
2016-02-18,1.1904761904761905e-05
2016-02-19,1.2301587301587301e-05
2016-02-22,1.3095238095238094e-05
2016-02-23,1.2698412698412699e-05
2016-02-24,1.3095238095238094e-05
2016-02-25,1.2698412698412699e-05
2016-02-26,1.3095238095238094e-05
2016-02-29,1.3095238095238094e-05
2016-03-01,1.3095238095238094e-05
2016-03-02,1.4285714285714285e-05
2016-03-03,1.1111111111111113e-05
2016-03-04,1.1507936507936508e-05
2016-03-07,1.2698412698412699e-05
2016-03-08,1.1507936507936508e-05
2016-03-09,1.1904761904761905e-05
2016-03-10,1.2698412698412699e-05
2016-03-11,1.3095238095238094e-05
2016-03-14,1.3492063492063494e-05
2016-03-15,1.3492063492063494e-05
2016-03-16,1.2301587301587301e-05
2016-03-17,1.1507936507936508e-05
2016-03-18,1.1904761904761905e-05
2016-03-21,1.2301587301587301e-05
2016-03-22,1.1904761904761905e-05
2016-03-23,1.1904761904761905e-05
2016-03-24,1.1904761904761905e-05
2016-03-28,1.1507936507936508e-05
2016-03-29,9.126984126984127e-06
2016-03-30,7.936507936507936e-06
2016-03-31,8.333333333333332e-06
2016-04-01,9.126984126984127e-06
2016-04-04,9.126984126984127e-06
2016-04-05,9.126984126984127e-06
2016-04-06,9.126984126984127e-06
2016-04-07,9.126984126984127e-06
2016-04-08,9.126984126984127e-06
2016-04-11,9.126984126984127e-06
2016-04-12,8.730158730158731e-06
2016-04-13,9.126984126984127e-06
2016-04-14,8.730158730158731e-06
2016-04-15,8.730158730158731e-06
2016-04-18,8.730158730158731e-06
2016-04-19,8.333333333333332e-06
2016-04-20,9.126984126984127e-06
2016-04-21,9.126984126984127e-06
2016-04-22,9.126984126984127e-06
2016-04-25,9.92063492063492e-06
2016-04-26,9.523809523809523e-06
2016-04-27,9.523809523809523e-06
2016-04-28,8.730158730158731e-06
2016-04-29,8.730158730158731e-06
2016-05-02,8.730158730158731e-06
2016-05-03,8.333333333333332e-06
2016-05-04,7.5396825396825394e-06
2016-05-05,7.936507936507936e-06
2016-05-06,7.5396825396825394e-06
2016-05-09,9.523809523809523e-06
2016-05-10,9.523809523809523e-06
2016-05-11,1.0317460317460317e-05
2016-05-12,1.0714285714285714e-05
2016-05-13,1.1507936507936508e-05
2016-05-16,1.1111111111111113e-05
2016-05-17,1.1111111111111113e-05
2016-05-18,1.1904761904761905e-05
2016-05-19,1.2301587301587301e-05
2016-05-20,1.3095238095238094e-05
2016-05-23,1.3888888888888888e-05
2016-05-24,1.3888888888888888e-05
2016-05-25,1.3095238095238094e-05
2016-05-26,1.2301587301587301e-05
2016-05-27,1.2698412698412699e-05
2016-05-31,1.3492063492063494e-05
2016-06-01,1.1904761904761905e-05
2016-06-02,1.1507936507936508e-05
2016-06-03,1.1904761904761905e-05
2016-06-06,1.1111111111111113e-05
2016-06-07,1.1111111111111113e-05
2016-06-08,9.523809523809523e-06
2016-06-09,1.0317460317460317e-05
2016-06-10,1.0317460317460317e-05
2016-06-13,1.0714285714285714e-05
2016-06-14,1.0714285714285714e-05
2016-06-15,1.0317460317460317e-05
2016-06-16,1.0714285714285714e-05
2016-06-17,1.0714285714285714e-05
2016-06-20,1.1111111111111113e-05
2016-06-21,1.0714285714285714e-05
2016-06-22,1.0714285714285714e-05
2016-06-23,1.2301587301587301e-05
2016-06-24,1.0714285714285714e-05
2016-06-27,1.0714285714285714e-05
2016-06-28,1.0317460317460317e-05
2016-06-29,1.0317460317460317e-05
2016-06-30,1.0317460317460317e-05
2016-07-01,1.1111111111111113e-05
2016-07-05,1.1111111111111113e-05
2016-07-06,1.0714285714285714e-05
2016-07-07,1.1507936507936508e-05
2016-07-08,1.1111111111111113e-05
2016-07-11,1.2301587301587301e-05
2016-07-12,1.1507936507936508e-05
2016-07-13,1.2301587301587301e-05
2016-07-14,1.2698412698412699e-05
2016-07-15,1.2698412698412699e-05
2016-07-18,1.2698412698412699e-05
2016-07-19,1.2301587301587301e-05
2016-07-20,1.2698412698412699e-05
2016-07-21,1.2698412698412699e-05
2016-07-22,1.3095238095238094e-05
2016-07-25,1.2698412698412699e-05
2016-07-26,1.2301587301587301e-05
2016-07-27,1.2301587301587301e-05
2016-07-28,9.92063492063492e-06
2016-07-29,1.1111111111111113e-05
2016-08-01,1.1507936507936508e-05
2016-08-02,1.1507936507936508e-05
2016-08-03,1.1111111111111113e-05
2016-08-04,1.0317460317460317e-05
2016-08-05,1.1111111111111113e-05
2016-08-08,1.2301587301587301e-05
2016-08-09,1.1507936507936508e-05
2016-08-10,1.1111111111111113e-05
2016-08-11,1.1111111111111113e-05
2016-08-12,1.1507936507936508e-05
2016-08-15,1.2301587301587301e-05
2016-08-16,1.0714285714285714e-05
2016-08-17,1.1904761904761905e-05
2016-08-18,1.1904761904761905e-05
2016-08-19,1.1904761904761905e-05
2016-08-22,1.1507936507936508e-05
2016-08-23,1.1904761904761905e-05
2016-08-24,1.2301587301587301e-05
2016-08-25,1.3095238095238094e-05
2016-08-26,1.3492063492063494e-05
2016-08-29,1.3095238095238094e-05
2016-08-30,1.3095238095238094e-05
2016-08-31,1.3095238095238094e-05
2016-09-01,1.3095238095238094e-05
2016-09-02,1.3095238095238094e-05
2016-09-06,1.2698412698412699e-05
2016-09-07,1.3492063492063494e-05
2016-09-08,1.3888888888888888e-05
2016-09-09,1.3888888888888888e-05
2016-09-12,1.4682539682539683e-05
2016-09-13,1.4285714285714285e-05
2016-09-14,1.3095238095238094e-05
2016-09-15,1.1507936507936508e-05
2016-09-16,1.1904761904761905e-05
2016-09-19,1.1904761904761905e-05
2016-09-20,1.1904761904761905e-05
2016-09-21,8.730158730158731e-06
2016-09-22,7.142857142857143e-06
2016-09-23,7.142857142857143e-06
2016-09-26,9.92063492063492e-06
2016-09-27,1.0317460317460317e-05
2016-09-28,1.0714285714285714e-05
2016-09-29,1.0317460317460317e-05
2016-09-30,1.1507936507936508e-05
2016-10-03,1.2698412698412699e-05
2016-10-04,1.3095238095238094e-05
2016-10-05,1.2698412698412699e-05
2016-10-06,1.3095238095238094e-05
2016-10-07,1.3095238095238094e-05
2016-10-10,1.3095238095238094e-05
2016-10-11,1.3888888888888888e-05
2016-10-12,1.4682539682539683e-05
2016-10-13,1.1904761904761905e-05
2016-10-14,1.2698412698412699e-05
2016-10-17,1.3492063492063494e-05
2016-10-18,1.3492063492063494e-05
2016-10-19,1.3888888888888888e-05
2016-10-20,1.3888888888888888e-05
2016-10-21,1.3492063492063494e-05
2016-10-24,1.3095238095238094e-05
2016-10-25,1.3492063492063494e-05
2016-10-26,1.3095238095238094e-05
2016-10-27,1.1904761904761905e-05
2016-10-28,1.1904761904761905e-05
2016-10-31,1.3492063492063494e-05
2016-11-01,1.3888888888888888e-05
2016-11-02,1.4682539682539683e-05
2016-11-03,1.5079365079365079e-05
2016-11-04,1.5079365079365079e-05
2016-11-07,1.6269841269841268e-05
2016-11-08,1.7063492063492063e-05
2016-11-09,1.785714285714286e-05
2016-11-10,1.9047619047619046e-05
2016-11-11,1.9047619047619046e-05
2016-11-14,2.1825396825396827e-05
2016-11-15,2.023809523809524e-05
2016-11-16,1.8650793650793647e-05
2016-11-17,1.7460317460317463e-05
2016-11-18,1.7460317460317463e-05
2016-11-21,1.8253968253968254e-05
2016-11-22,1.9444444444444445e-05
2016-11-23,2.023809523809524e-05
2016-11-25,1.9444444444444445e-05
2016-11-28,1.9047619047619046e-05
2016-11-29,1.9047619047619046e-05
2016-11-30,1.9047619047619046e-05
2016-12-01,1.9047619047619046e-05
2016-12-02,1.9444444444444445e-05
2016-12-05,1.9444444444444445e-05
2016-12-06,1.9444444444444445e-05
2016-12-07,2.0634920634920633e-05
2016-12-08,2.023809523809524e-05
2016-12-09,2.1428571428571428e-05
2016-12-12,2.023809523809524e-05
2016-12-13,2.1428571428571428e-05
2016-12-14,2.1825396825396827e-05
2016-12-15,2.023809523809524e-05
2016-12-16,2.023809523809524e-05
2016-12-19,2.0634920634920633e-05
2016-12-20,2.0634920634920633e-05
2016-12-21,2.0634920634920633e-05
2016-12-22,2.023809523809524e-05
2016-12-23,2.0634920634920633e-05
2016-12-27,2.023809523809524e-05
2016-12-28,2.1031746031746032e-05
2016-12-29,1.8650793650793647e-05
2016-12-30,2.023809523809524e-05
2017-01-03,2.1031746031746032e-05
2017-01-04,2.1031746031746032e-05
2017-01-05,2.0634920634920633e-05
2017-01-06,2.1031746031746032e-05
2017-01-09,1.984126984126984e-05
2017-01-10,2.0634920634920633e-05
2017-01-11,2.0634920634920633e-05
2017-01-12,2.0634920634920633e-05
2017-01-13,2.1031746031746032e-05
2017-01-17,2.1825396825396827e-05
2017-01-18,2.1031746031746032e-05
2017-01-19,2.0634920634920633e-05
2017-01-20,1.984126984126984e-05
2017-01-23,2.023809523809524e-05
2017-01-24,2.023809523809524e-05
2017-01-25,1.984126984126984e-05
2017-01-26,2.023809523809524e-05
2017-01-27,2.0634920634920633e-05
2017-01-30,2.023809523809524e-05
2017-01-31,2.0634920634920633e-05
2017-02-01,2.023809523809524e-05
2017-02-02,2.0634920634920633e-05
2017-02-03,2.023809523809524e-05
2017-02-06,2.1031746031746032e-05
2017-02-07,2.1031746031746032e-05
2017-02-08,2.1428571428571428e-05
2017-02-09,2.1428571428571428e-05
2017-02-10,2.1825396825396827e-05
2017-02-13,2.0634920634920633e-05
2017-02-14,2.1428571428571428e-05
2017-02-15,2.1428571428571428e-05
2017-02-16,2.1031746031746032e-05
2017-02-17,2.1031746031746032e-05
2017-02-21,2.1031746031746032e-05
2017-02-22,2.0634920634920633e-05
2017-02-23,2.023809523809524e-05
2017-02-24,2.0634920634920633e-05
2017-02-27,1.984126984126984e-05
2017-02-28,2.1031746031746032e-05
2017-03-01,2.5e-05
2017-03-02,2.6587301587301588e-05
2017-03-03,2.817460317460317e-05
2017-03-06,2.9365079365079366e-05
2017-03-07,3.0158730158730158e-05
2017-03-08,2.896825396825397e-05
2017-03-09,2.896825396825397e-05
2017-03-10,2.9761904761904762e-05
2017-03-13,3.134920634920635e-05
2017-03-14,3.095238095238095e-05
2017-03-15,2.896825396825397e-05
2017-03-16,2.896825396825397e-05
2017-03-17,2.896825396825397e-05
2017-03-20,3.0158730158730158e-05
2017-03-21,3.0555555555555554e-05
2017-03-22,3.0555555555555554e-05
2017-03-23,3.0158730158730158e-05
2017-03-24,3.095238095238095e-05
2017-03-27,3.095238095238095e-05
2017-03-28,3.095238095238095e-05
2017-03-29,3.095238095238095e-05
2017-03-30,3.095238095238095e-05
2017-03-31,3.0158730158730158e-05
2017-04-03,3.134920634920635e-05
2017-04-04,3.134920634920635e-05
2017-04-05,3.1746031746031745e-05
2017-04-06,3.134920634920635e-05
2017-04-07,3.2539682539682536e-05
2017-04-10,3.2539682539682536e-05
2017-04-11,3.2539682539682536e-05
2017-04-12,3.214285714285715e-05
2017-04-13,3.214285714285715e-05
2017-04-17,3.2936507936507936e-05
2017-04-18,3.2539682539682536e-05
2017-04-19,3.214285714285715e-05
2017-04-20,3.134920634920635e-05
2017-04-21,3.134920634920635e-05
2017-04-24,3.214285714285715e-05
2017-04-25,3.2539682539682536e-05
2017-04-26,3.2936507936507936e-05
2017-04-27,3.214285714285715e-05
2017-04-28,3.1746031746031745e-05
2017-05-01,3.2936507936507936e-05
2017-05-02,3.2539682539682536e-05
2017-05-03,3.3730158730158734e-05
2017-05-04,3.412698412698413e-05
2017-05-05,3.571428571428572e-05
2017-05-08,3.6111111111111116e-05
2017-05-09,3.6111111111111116e-05
2017-05-10,3.571428571428572e-05
2017-05-11,3.531746031746032e-05
2017-05-12,3.4920634920634925e-05
2017-05-15,3.571428571428572e-05
2017-05-16,3.571428571428572e-05
2017-05-17,3.571428571428572e-05
2017-05-18,3.690476190476191e-05
2017-05-19,3.650793650793651e-05
2017-05-22,3.690476190476191e-05
2017-05-23,3.650793650793651e-05
2017-05-24,3.690476190476191e-05
2017-05-25,3.7301587301587294e-05
2017-05-26,3.7301587301587294e-05
2017-05-30,3.690476190476191e-05
2017-05-31,3.888888888888889e-05
2017-06-01,3.888888888888889e-05
2017-06-02,3.888888888888889e-05
2017-06-05,3.809523809523809e-05
2017-06-06,3.849206349206349e-05
2017-06-07,3.968253968253968e-05
2017-06-08,4.0079365079365075e-05
2017-06-09,4.0079365079365075e-05
2017-06-12,3.888888888888889e-05
2017-06-13,3.968253968253968e-05
2017-06-14,4.0079365079365075e-05
2017-06-15,4.047619047619048e-05
2017-06-16,4.0873015873015874e-05
2017-06-19,4.047619047619048e-05
2017-06-20,4.0079365079365075e-05
2017-06-21,3.928571428571428e-05
2017-06-22,3.809523809523809e-05
2017-06-23,3.849206349206349e-05
2017-06-26,3.928571428571428e-05
2017-06-27,3.968253968253968e-05
2017-06-28,4.047619047619048e-05
2017-06-29,4.1269841269841266e-05
2017-06-30,4.0873015873015874e-05
2017-07-03,4.2063492063492065e-05
2017-07-05,4.166666666666667e-05
2017-07-06,4.1269841269841266e-05
2017-07-07,4.166666666666667e-05
2017-07-10,4.1269841269841266e-05
2017-07-11,4.166666666666667e-05
2017-07-12,4.166666666666667e-05
2017-07-13,4.166666666666667e-05
2017-07-14,4.1269841269841266e-05
2017-07-17,4.2460317460317464e-05
2017-07-18,4.2460317460317464e-05
2017-07-19,4.404761904761905e-05
2017-07-20,4.563492063492063e-05
2017-07-21,4.603174603174603e-05
2017-07-24,4.642857142857142e-05
2017-07-25,4.682539682539682e-05
2017-07-26,4.484126984126984e-05
2017-07-27,4.404761904761905e-05
2017-07-28,4.2857142857142856e-05
2017-07-31,4.2460317460317464e-05
2017-08-01,4.2857142857142856e-05
2017-08-02,4.2857142857142856e-05
2017-08-03,4.2857142857142856e-05
2017-08-04,4.2857142857142856e-05
2017-08-07,4.047619047619048e-05
2017-08-08,4.2063492063492065e-05
2017-08-09,4.2063492063492065e-05
2017-08-10,4.166666666666667e-05
2017-08-11,4.0873015873015874e-05
2017-08-14,4.047619047619048e-05
2017-08-15,4.1269841269841266e-05
2017-08-16,4.047619047619048e-05
2017-08-17,3.968253968253968e-05
2017-08-18,4.047619047619048e-05
2017-08-21,3.968253968253968e-05
2017-08-22,3.968253968253968e-05
2017-08-23,3.968253968253968e-05
2017-08-24,4.047619047619048e-05
2017-08-25,4.0873015873015874e-05
2017-08-28,3.888888888888889e-05
2017-08-29,4.0873015873015874e-05
2017-08-30,4.0873015873015874e-05
2017-08-31,4.0079365079365075e-05
2017-09-01,4.047619047619048e-05
2017-09-05,4.0873015873015874e-05
2017-09-06,4.2460317460317464e-05
2017-09-07,4.166666666666667e-05
2017-09-08,4.1269841269841266e-05
2017-09-11,4.166666666666667e-05
2017-09-12,4.0873015873015874e-05
2017-09-13,4.1269841269841266e-05
2017-09-14,4.166666666666667e-05
2017-09-15,4.166666666666667e-05
2017-09-18,4.166666666666667e-05
2017-09-19,4.1269841269841266e-05
2017-09-20,4.1269841269841266e-05
2017-09-21,4.1269841269841266e-05
2017-09-22,4.0873015873015874e-05
2017-09-25,4.166666666666667e-05
2017-09-26,4.2063492063492065e-05
2017-09-27,4.2460317460317464e-05
2017-09-28,4.2063492063492065e-05
2017-09-29,4.2063492063492065e-05
2017-10-02,4.0079365079365075e-05
2017-10-03,4.2460317460317464e-05
2017-10-04,4.2857142857142856e-05
2017-10-05,4.2460317460317464e-05
2017-10-06,4.2460317460317464e-05
2017-10-09,4.2460317460317464e-05
2017-10-10,4.2857142857142856e-05
2017-10-11,4.3650793650793655e-05
2017-10-12,4.3253968253968256e-05
2017-10-13,4.3253968253968256e-05
2017-10-16,4.3650793650793655e-05
2017-10-17,4.3253968253968256e-05
2017-10-18,4.3253968253968256e-05
2017-10-19,4.3650793650793655e-05
2017-10-20,4.404761904761905e-05
2017-10-23,4.3253968253968256e-05
2017-10-24,4.444444444444445e-05
2017-10-25,4.444444444444445e-05
2017-10-26,4.404761904761905e-05
2017-10-27,4.3650793650793655e-05
2017-10-30,4.444444444444445e-05
2017-10-31,4.563492063492063e-05
2017-11-01,4.682539682539682e-05
2017-11-02,4.642857142857142e-05
2017-11-03,4.682539682539682e-05
2017-11-06,4.722222222222222e-05
2017-11-07,4.841269841269841e-05
2017-11-08,4.880952380952381e-05
2017-11-09,4.9206349206349204e-05
2017-11-10,4.880952380952381e-05
2017-11-13,4.9206349206349204e-05
2017-11-14,5e-05
2017-11-15,4.96031746031746e-05
2017-11-16,5.0396825396825395e-05
2017-11-17,5.1190476190476193e-05
2017-11-20,5.158730158730159e-05
2017-11-21,5.158730158730159e-05
2017-11-22,5.1190476190476193e-05
2017-11-24,5.1190476190476193e-05
2017-11-27,5.0396825396825395e-05
2017-11-28,5.158730158730159e-05
2017-11-29,5.1190476190476193e-05
2017-11-30,5.0396825396825395e-05
2017-12-01,5.0396825396825395e-05
2017-12-04,5.1190476190476193e-05
2017-12-05,5.158730158730159e-05
2017-12-06,5.158730158730159e-05
2017-12-07,5.1190476190476193e-05
2017-12-08,5.0793650793650794e-05
2017-12-11,5.2777777777777784e-05
2017-12-12,5.3174603174603176e-05
2017-12-13,5.158730158730159e-05
2017-12-14,5.238095238095238e-05
2017-12-15,5.1984126984126985e-05
2017-12-18,5.476190476190476e-05
2017-12-19,5.436507936507937e-05
2017-12-20,5.476190476190476e-05
2017-12-21,5.3571428571428575e-05
2017-12-22,5.2777777777777784e-05
2017-12-26,5.833333333333333e-05
2017-12-27,5.714285714285714e-05
2017-12-28,5.515873015873015e-05
2017-12-29,5.515873015873015e-05
2018-01-02,5.714285714285714e-05
2018-01-03,5.595238095238095e-05
2018-01-04,5.595238095238095e-05
2018-01-05,5.515873015873015e-05
2018-01-08,5.7539682539682534e-05
2018-01-09,5.714285714285714e-05
2018-01-10,5.634920634920634e-05
2018-01-11,5.674603174603175e-05
2018-01-12,5.674603174603175e-05
2018-01-16,5.7539682539682534e-05
2018-01-17,5.714285714285714e-05
2018-01-18,5.7539682539682534e-05
2018-01-19,5.714285714285714e-05
2018-01-22,5.714285714285714e-05
2018-01-23,5.714285714285714e-05
2018-01-24,5.674603174603175e-05
2018-01-25,5.634920634920634e-05
2018-01-26,5.595238095238095e-05
2018-01-29,5.714285714285714e-05
2018-01-30,5.714285714285714e-05
2018-01-31,5.793650793650794e-05
2018-02-01,5.873015873015873e-05
2018-02-02,5.873015873015873e-05
2018-02-05,5.992063492063492e-05
2018-02-06,6.0317460317460316e-05
2018-02-07,6.150793650793651e-05
2018-02-08,6.150793650793651e-05
2018-02-09,6.150793650793651e-05
2018-02-12,6.42857142857143e-05
2018-02-13,6.30952380952381e-05
2018-02-14,6.26984126984127e-05
2018-02-15,6.26984126984127e-05
2018-02-16,6.42857142857143e-05
2018-02-20,6.587301587301587e-05
2018-02-21,6.507936507936507e-05
2018-02-22,6.468253968253968e-05
2018-02-23,6.507936507936507e-05
2018-02-26,6.587301587301587e-05
2018-02-27,6.587301587301587e-05
2018-02-28,6.547619047619048e-05
2018-03-01,6.468253968253968e-05
2018-03-02,6.547619047619048e-05
2018-03-05,6.746031746031747e-05
2018-03-06,6.666666666666666e-05
2018-03-07,6.666666666666666e-05
2018-03-08,6.626984126984126e-05
2018-03-09,6.626984126984126e-05
2018-03-12,6.785714285714286e-05
2018-03-13,6.865079365079365e-05
2018-03-14,6.984126984126985e-05
2018-03-15,7.023809523809524e-05
2018-03-16,7.063492063492064e-05
2018-03-19,7.142857142857143e-05
2018-03-20,7.182539682539683e-05
2018-03-21,6.904761904761904e-05
2018-03-22,6.825396825396825e-05
2018-03-23,6.904761904761904e-05
2018-03-26,7.103174603174603e-05
2018-03-27,7.023809523809524e-05
2018-03-28,6.865079365079365e-05
2018-03-29,6.865079365079365e-05
2018-04-02,7.023809523809524e-05
2018-04-03,6.944444444444444e-05
2018-04-04,6.785714285714286e-05
2018-04-05,6.825396825396825e-05
2018-04-06,6.865079365079365e-05
2018-04-09,6.984126984126985e-05
2018-04-10,6.904761904761904e-05
2018-04-11,6.865079365079365e-05
2018-04-12,6.944444444444444e-05
2018-04-13,6.984126984126985e-05
2018-04-16,7.103174603174603e-05
2018-04-17,7.142857142857143e-05
2018-04-18,7.182539682539683e-05
2018-04-19,7.222222222222223e-05
2018-04-20,7.182539682539683e-05
2018-04-23,7.420634920634921e-05
2018-04-24,7.420634920634921e-05
2018-04-25,7.341269841269842e-05
2018-04-26,7.222222222222223e-05
2018-04-27,7.222222222222223e-05
2018-04-30,7.420634920634921e-05
2018-05-01,7.341269841269842e-05
2018-05-02,7.301587301587302e-05
2018-05-03,7.301587301587302e-05
2018-05-04,7.301587301587302e-05
2018-05-07,7.380952380952382e-05
2018-05-08,7.420634920634921e-05
2018-05-09,7.460317460317459e-05
2018-05-10,7.53968253968254e-05
2018-05-11,7.619047619047618e-05
2018-05-14,7.658730158730158e-05
2018-05-15,7.619047619047618e-05
2018-05-16,7.619047619047618e-05
2018-05-17,7.619047619047618e-05
2018-05-18,7.579365079365079e-05
2018-05-21,7.658730158730158e-05
2018-05-22,7.658730158730158e-05
2018-05-23,7.619047619047618e-05
2018-05-24,7.579365079365079e-05
2018-05-25,7.53968253968254e-05
2018-05-29,7.658730158730158e-05
2018-05-30,7.698412698412698e-05
2018-05-31,7.658730158730158e-05
2018-06-01,7.619047619047618e-05
2018-06-04,7.698412698412698e-05
2018-06-05,7.698412698412698e-05
2018-06-06,7.738095238095238e-05
2018-06-07,7.698412698412698e-05
2018-06-08,7.658730158730158e-05
2018-06-11,7.698412698412698e-05
2018-06-12,7.619047619047618e-05
2018-06-13,7.698412698412698e-05
2018-06-14,7.698412698412698e-05
2018-06-15,7.698412698412698e-05
2018-06-18,7.698412698412698e-05
2018-06-19,7.698412698412698e-05
2018-06-20,7.698412698412698e-05
2018-06-21,7.698412698412698e-05
2018-06-22,7.658730158730158e-05
2018-06-25,7.658730158730158e-05
2018-06-26,7.658730158730158e-05
2018-06-27,7.658730158730158e-05
2018-06-28,7.658730158730158e-05
2018-06-29,7.658730158730158e-05
2018-07-02,7.857142857142857e-05
2018-07-03,7.857142857142857e-05
2018-07-05,7.777777777777778e-05
2018-07-06,7.817460317460317e-05
2018-07-09,7.857142857142857e-05
2018-07-10,7.896825396825397e-05
2018-07-11,7.817460317460317e-05
2018-07-12,7.857142857142857e-05
2018-07-13,7.857142857142857e-05
2018-07-16,7.976190476190474e-05
2018-07-17,8.015873015873015e-05
2018-07-18,7.936507936507937e-05
2018-07-19,7.936507936507937e-05
2018-07-20,7.896825396825397e-05
2018-07-23,7.896825396825397e-05
2018-07-24,8.015873015873015e-05
2018-07-25,7.976190476190474e-05
2018-07-26,7.896825396825397e-05
2018-07-27,7.936507936507937e-05
2018-07-30,8.095238095238096e-05
2018-07-31,8.055555555555556e-05
2018-08-01,8.055555555555556e-05
2018-08-02,8.015873015873015e-05
2018-08-03,7.976190476190474e-05
2018-08-06,8.134920634920634e-05
2018-08-07,8.174603174603175e-05
2018-08-08,8.174603174603175e-05
2018-08-09,8.174603174603175e-05
2018-08-10,8.134920634920634e-05
2018-08-13,8.174603174603175e-05
2018-08-14,8.253968253968253e-05
2018-08-15,8.214285714285714e-05
2018-08-16,8.214285714285714e-05
2018-08-17,8.134920634920634e-05
2018-08-20,8.174603174603175e-05
2018-08-21,8.253968253968253e-05
2018-08-22,8.293650793650792e-05
2018-08-23,8.253968253968253e-05
2018-08-24,8.293650793650792e-05
2018-08-27,8.412698412698413e-05
2018-08-28,8.452380952380952e-05
2018-08-29,8.452380952380952e-05
2018-08-30,8.373015873015872e-05
2018-08-31,8.373015873015872e-05
2018-09-04,8.452380952380952e-05
2018-09-05,8.492063492063493e-05
2018-09-06,8.452380952380952e-05
2018-09-07,8.492063492063493e-05
2018-09-10,8.492063492063493e-05
2018-09-11,8.53174603174603e-05
2018-09-12,8.571428571428571e-05
2018-09-13,8.53174603174603e-05
2018-09-14,8.571428571428571e-05
2018-09-17,8.571428571428571e-05
2018-09-18,8.611111111111112e-05
2018-09-19,8.571428571428571e-05
2018-09-20,8.611111111111112e-05
2018-09-21,8.650793650793651e-05
2018-09-24,8.80952380952381e-05
2018-09-25,8.769841269841269e-05
2018-09-26,8.730158730158731e-05
2018-09-27,8.650793650793651e-05
2018-09-28,8.69047619047619e-05
2018-10-01,8.849206349206349e-05
2018-10-02,8.849206349206349e-05
2018-10-03,8.849206349206349e-05
2018-10-04,8.80952380952381e-05
2018-10-05,8.849206349206349e-05
2018-10-08,8.849206349206349e-05
2018-10-09,8.928571428571429e-05
2018-10-10,9.007936507936508e-05
2018-10-11,9.007936507936508e-05
2018-10-12,9.047619047619046e-05
2018-10-15,9.166666666666667e-05
2018-10-16,9.126984126984126e-05
2018-10-17,9.166666666666667e-05
2018-10-18,9.206349206349206e-05
2018-10-19,9.166666666666667e-05
2018-10-22,9.285714285714285e-05
2018-10-23,9.246031746031747e-05
2018-10-24,9.285714285714285e-05
2018-10-25,9.285714285714285e-05
2018-10-26,9.246031746031747e-05
2018-10-29,9.285714285714285e-05
2018-10-30,9.246031746031747e-05
2018-10-31,9.285714285714285e-05
2018-11-01,9.206349206349206e-05
2018-11-02,9.246031746031747e-05
2018-11-05,9.365079365079364e-05
2018-11-06,9.325396825396825e-05
2018-11-07,9.404761904761906e-05
2018-11-08,9.325396825396825e-05
2018-11-09,9.365079365079364e-05
2018-11-12,9.365079365079364e-05
2018-11-13,9.444444444444444e-05
2018-11-14,9.444444444444444e-05
2018-11-15,9.404761904761906e-05
2018-11-16,9.365079365079364e-05
2018-11-19,9.444444444444444e-05
2018-11-20,9.484126984126985e-05
2018-11-21,9.563492063492063e-05
2018-11-23,9.563492063492063e-05
2018-11-26,9.563492063492063e-05
2018-11-27,9.563492063492063e-05
2018-11-28,9.523809523809524e-05
2018-11-29,9.404761904761906e-05
2018-11-30,9.404761904761906e-05
2018-12-03,9.444444444444444e-05
2018-12-04,9.603174603174603e-05
2018-12-06,9.563492063492063e-05
2018-12-07,9.523809523809524e-05
2018-12-10,9.563492063492063e-05
2018-12-11,9.563492063492063e-05
2018-12-12,9.642857142857143e-05
2018-12-13,9.642857142857143e-05
2018-12-14,9.603174603174603e-05
2018-12-17,9.523809523809524e-05
2018-12-18,9.484126984126985e-05
2018-12-19,9.523809523809524e-05
2018-12-20,9.484126984126985e-05
2018-12-21,9.484126984126985e-05
2018-12-24,9.722222222222223e-05
2018-12-26,9.682539682539682e-05
2018-12-27,9.563492063492063e-05
2018-12-28,9.523809523809524e-05
2018-12-31,9.722222222222223e-05
2019-01-02,9.603174603174603e-05
2019-01-03,9.563492063492063e-05
2019-01-04,9.603174603174603e-05
2019-01-07,9.722222222222223e-05
2019-01-08,9.761904761904762e-05
2019-01-09,9.722222222222223e-05
2019-01-10,9.642857142857143e-05
2019-01-11,9.642857142857143e-05
2019-01-14,9.722222222222223e-05
2019-01-15,9.722222222222223e-05
2019-01-16,9.642857142857143e-05
2019-01-17,9.603174603174603e-05
2019-01-18,9.563492063492063e-05
2019-01-22,9.642857142857143e-05
2019-01-23,9.563492063492063e-05
2019-01-24,9.404761904761906e-05
2019-01-25,9.484126984126985e-05
2019-01-28,9.603174603174603e-05
2019-01-29,9.603174603174603e-05
2019-01-30,9.603174603174603e-05
2019-01-31,9.563492063492063e-05
2019-02-01,9.523809523809524e-05
2019-02-04,9.603174603174603e-05
2019-02-05,9.603174603174603e-05
2019-02-06,9.603174603174603e-05
2019-02-07,9.603174603174603e-05
2019-02-08,9.642857142857143e-05
2019-02-11,9.722222222222223e-05
2019-02-12,9.642857142857143e-05
2019-02-13,9.682539682539682e-05
2019-02-14,9.642857142857143e-05
2019-02-15,9.642857142857143e-05
2019-02-19,9.722222222222223e-05
2019-02-20,9.722222222222223e-05
2019-02-21,9.722222222222223e-05
2019-02-22,9.761904761904762e-05
2019-02-25,9.801587301587303e-05
2019-02-26,9.722222222222223e-05
2019-02-27,9.722222222222223e-05
2019-02-28,9.722222222222223e-05
2019-03-01,9.682539682539682e-05
2019-03-04,9.761904761904762e-05
2019-03-05,9.761904761904762e-05
2019-03-06,9.801587301587303e-05
2019-03-07,9.722222222222223e-05
2019-03-08,9.761904761904762e-05
2019-03-11,9.761904761904762e-05
2019-03-12,9.761904761904762e-05
2019-03-13,9.722222222222223e-05
2019-03-14,9.722222222222223e-05
2019-03-15,9.722222222222223e-05
2019-03-18,9.682539682539682e-05
2019-03-19,9.761904761904762e-05
2019-03-20,9.841269841269841e-05
2019-03-21,9.880952380952381e-05
2019-03-22,9.761904761904762e-05
2019-03-25,9.761904761904762e-05
2019-03-26,9.761904761904762e-05
2019-03-27,9.682539682539682e-05
2019-03-28,9.642857142857143e-05
2019-03-29,9.523809523809524e-05
2019-04-01,9.642857142857143e-05
2019-04-02,9.603174603174603e-05
2019-04-03,9.682539682539682e-05
2019-04-04,9.682539682539682e-05
2019-04-05,9.682539682539682e-05
2019-04-08,9.642857142857143e-05
2019-04-09,9.603174603174603e-05
2019-04-10,9.642857142857143e-05
2019-04-11,9.642857142857143e-05
2019-04-12,9.682539682539682e-05
2019-04-15,9.642857142857143e-05
2019-04-16,9.642857142857143e-05
2019-04-17,9.682539682539682e-05
2019-04-18,9.603174603174603e-05
2019-04-22,9.682539682539682e-05
2019-04-23,9.722222222222223e-05
2019-04-24,9.682539682539682e-05
2019-04-25,9.642857142857143e-05
2019-04-26,9.603174603174603e-05
2019-04-29,9.682539682539682e-05
2019-04-30,9.642857142857143e-05
2019-05-01,9.642857142857143e-05
2019-05-02,9.801587301587303e-05
2019-05-03,9.642857142857143e-05
2019-05-06,9.682539682539682e-05
2019-05-07,9.642857142857143e-05
2019-05-08,9.642857142857143e-05
2019-05-09,9.642857142857143e-05
2019-05-10,9.642857142857143e-05
2019-05-13,9.563492063492063e-05
2019-05-14,9.563492063492063e-05
2019-05-15,9.603174603174603e-05
2019-05-16,9.523809523809524e-05
2019-05-17,9.484126984126985e-05
2019-05-20,9.484126984126985e-05
2019-05-21,9.484126984126985e-05
2019-05-22,9.444444444444444e-05
2019-05-23,9.404761904761906e-05
2019-05-24,9.325396825396825e-05
2019-05-28,9.404761904761906e-05
2019-05-29,9.404761904761906e-05
2019-05-30,9.444444444444444e-05
2019-05-31,9.325396825396825e-05
2019-06-03,9.325396825396825e-05
2019-06-04,9.325396825396825e-05
2019-06-05,9.325396825396825e-05
2019-06-06,9.246031746031747e-05
2019-06-07,9.047619047619046e-05
2019-06-10,9.087301587301587e-05
2019-06-11,9.007936507936508e-05
2019-06-12,8.88888888888889e-05
2019-06-13,8.69047619047619e-05
2019-06-14,8.730158730158731e-05
2019-06-17,8.849206349206349e-05
2019-06-18,8.80952380952381e-05
2019-06-19,8.650793650793651e-05
2019-06-20,8.492063492063493e-05
2019-06-21,8.373015873015872e-05
2019-06-24,8.452380952380952e-05
2019-06-25,8.412698412698413e-05
2019-06-26,8.53174603174603e-05
2019-06-27,8.492063492063493e-05
2019-06-28,8.412698412698413e-05
2019-07-01,8.769841269841269e-05
2019-07-02,8.730158730158731e-05
2019-07-03,8.769841269841269e-05
2019-07-05,8.849206349206349e-05
2019-07-08,8.968253968253968e-05
2019-07-09,8.968253968253968e-05
2019-07-10,8.730158730158731e-05
2019-07-11,8.611111111111112e-05
2019-07-12,8.492063492063493e-05
2019-07-15,8.571428571428571e-05
2019-07-16,8.53174603174603e-05
2019-07-17,8.492063492063493e-05
2019-07-18,8.134920634920634e-05
2019-07-19,8.174603174603175e-05
2019-07-22,8.293650793650792e-05
2019-07-23,8.174603174603175e-05
2019-07-24,8.333333333333334e-05
2019-07-25,8.333333333333334e-05
2019-07-26,8.412698412698413e-05
2019-07-29,8.412698412698413e-05
2019-07-30,8.253968253968253e-05
2019-07-31,8.253968253968253e-05
2019-08-01,8.214285714285714e-05
2019-08-02,8.174603174603175e-05
2019-08-05,8.134920634920634e-05
2019-08-06,8.134920634920634e-05
2019-08-07,8.015873015873015e-05
2019-08-08,8.015873015873015e-05
2019-08-09,7.936507936507937e-05
2019-08-12,7.936507936507937e-05
2019-08-13,7.936507936507937e-05
2019-08-14,7.777777777777778e-05
2019-08-15,7.579365079365079e-05
2019-08-16,7.420634920634921e-05
2019-08-19,7.698412698412698e-05
2019-08-20,7.698412698412698e-05
2019-08-21,7.817460317460317e-05
2019-08-22,7.936507936507937e-05
2019-08-23,7.817460317460317e-05
2019-08-26,7.976190476190474e-05
2019-08-27,7.857142857142857e-05
2019-08-28,7.896825396825397e-05
2019-08-29,7.896825396825397e-05
2019-08-30,7.896825396825397e-05
2019-09-03,7.857142857142857e-05
2019-09-04,7.817460317460317e-05
2019-09-05,7.817460317460317e-05
2019-09-06,7.777777777777778e-05
2019-09-09,7.777777777777778e-05
2019-09-10,7.738095238095238e-05
2019-09-11,7.777777777777778e-05
2019-09-12,7.738095238095238e-05
2019-09-13,7.777777777777778e-05
2019-09-16,7.896825396825397e-05
2019-09-17,7.896825396825397e-05
2019-09-18,7.738095238095238e-05
2019-09-19,7.658730158730158e-05
2019-09-20,7.579365079365079e-05
2019-09-23,7.698412698412698e-05
2019-09-24,7.619047619047618e-05
2019-09-25,7.500000000000001e-05
2019-09-26,7.261904761904762e-05
2019-09-27,7.142857142857143e-05
2019-09-30,7.460317460317459e-05
2019-10-01,7.222222222222223e-05
2019-10-02,7.103174603174603e-05
2019-10-03,6.746031746031747e-05
2019-10-04,6.785714285714286e-05
2019-10-07,6.944444444444444e-05
2019-10-08,6.825396825396825e-05
2019-10-09,6.706349206349206e-05
2019-10-10,6.666666666666666e-05
2019-10-11,6.666666666666666e-05
2019-10-14,6.666666666666666e-05
2019-10-15,6.626984126984126e-05
2019-10-16,6.587301587301587e-05
2019-10-17,6.587301587301587e-05
2019-10-18,6.587301587301587e-05
2019-10-21,6.626984126984126e-05
2019-10-22,6.547619047619048e-05
2019-10-23,6.547619047619048e-05
2019-10-24,6.626984126984126e-05
2019-10-25,6.587301587301587e-05
2019-10-28,6.547619047619048e-05
2019-10-29,6.468253968253968e-05
2019-10-30,6.42857142857143e-05
2019-10-31,6.111111111111111e-05
2019-11-01,6.0317460317460316e-05
2019-11-04,6.071428571428572e-05
2019-11-05,6.19047619047619e-05
2019-11-06,6.19047619047619e-05
2019-11-07,6.19047619047619e-05
2019-11-08,6.150793650793651e-05
2019-11-11,6.150793650793651e-05
2019-11-12,6.30952380952381e-05
2019-11-13,6.230158730158731e-05
2019-11-14,6.230158730158731e-05
2019-11-15,6.230158730158731e-05
2019-11-18,6.230158730158731e-05
2019-11-19,6.230158730158731e-05
2019-11-20,6.230158730158731e-05
2019-11-21,6.26984126984127e-05
2019-11-22,6.26984126984127e-05
2019-11-25,6.388888888888888e-05
2019-11-26,6.349206349206349e-05
2019-11-27,6.42857142857143e-05
2019-11-29,6.30952380952381e-05
2019-12-02,6.349206349206349e-05
2019-12-03,6.230158730158731e-05
2019-12-04,6.150793650793651e-05
2019-12-05,6.111111111111111e-05
2019-12-06,6.071428571428572e-05
2019-12-09,6.111111111111111e-05
2019-12-10,6.19047619047619e-05
2019-12-11,6.230158730158731e-05
2019-12-12,6.19047619047619e-05
2019-12-13,6.230158730158731e-05
2019-12-16,6.230158730158731e-05
2019-12-17,6.19047619047619e-05
2019-12-18,6.19047619047619e-05
2019-12-19,6.230158730158731e-05
2019-12-20,6.26984126984127e-05
2019-12-23,6.30952380952381e-05
2019-12-24,6.26984126984127e-05
2019-12-26,6.26984126984127e-05
2019-12-27,6.230158730158731e-05
2019-12-30,6.230158730158731e-05
2019-12-31,6.150793650793651e-05
2020-01-02,6.111111111111111e-05
2020-01-03,6.0317460317460316e-05
2020-01-06,6.19047619047619e-05
2020-01-07,6.111111111111111e-05
2020-01-08,6.111111111111111e-05
2020-01-09,6.111111111111111e-05
2020-01-10,6.111111111111111e-05
2020-01-13,6.230158730158731e-05
2020-01-14,6.230158730158731e-05
2020-01-15,6.230158730158731e-05
2020-01-16,6.150793650793651e-05
2020-01-17,6.19047619047619e-05
2020-01-21,6.19047619047619e-05
2020-01-22,6.150793650793651e-05
2020-01-23,6.150793650793651e-05
2020-01-24,6.111111111111111e-05
2020-01-27,6.150793650793651e-05
2020-01-28,6.230158730158731e-05
2020-01-29,6.19047619047619e-05
2020-01-30,6.230158730158731e-05
2020-01-31,6.150793650793651e-05
2020-02-03,6.230158730158731e-05
2020-02-04,6.230158730158731e-05
2020-02-05,6.230158730158731e-05
2020-02-06,6.230158730158731e-05
2020-02-07,6.19047619047619e-05
2020-02-10,6.26984126984127e-05
2020-02-11,6.230158730158731e-05
2020-02-12,6.26984126984127e-05
2020-02-13,6.30952380952381e-05
2020-02-14,6.26984126984127e-05
2020-02-18,6.26984126984127e-05
2020-02-19,6.26984126984127e-05
2020-02-20,6.26984126984127e-05
2020-02-21,6.19047619047619e-05
2020-02-24,6.071428571428572e-05
2020-02-25,6.071428571428572e-05
2020-02-26,6.071428571428572e-05
2020-02-27,5.7539682539682534e-05
2020-02-28,5.0396825396825395e-05
2020-03-02,4.484126984126984e-05
2020-03-03,3.76984126984127e-05
2020-03-04,2.857142857142857e-05
2020-03-05,2.4603174603174602e-05
2020-03-06,1.785714285714286e-05
2020-03-09,1.3095238095238094e-05
2020-03-10,1.7460317460317463e-05
2020-03-11,1.6666666666666664e-05
2020-03-12,1.3095238095238094e-05
2020-03-13,1.1111111111111113e-05
2020-03-16,9.523809523809523e-06
2020-03-17,7.5396825396825394e-06
2020-03-18,7.936507936507937e-07
2020-03-19,1.5873015873015873e-06
2020-03-20,1.984126984126984e-06
2020-03-23,7.936507936507937e-07
2020-03-24,3.9682539682539683e-07
2020-03-25,0.0
2020-03-26,0.0
2020-03-27,1.1904761904761904e-06
2020-03-30,4.7619047619047615e-06
2020-03-31,4.365079365079366e-06
2020-04-01,3.5714285714285714e-06
2020-04-02,3.5714285714285714e-06
2020-04-03,3.968253968253968e-06
2020-04-06,5.9523809523809525e-06
2020-04-07,5.555555555555557e-06
2020-04-08,8.730158730158731e-06
2020-04-09,9.92063492063492e-06
2020-04-13,1.0317460317460317e-05
2020-04-14,7.936507936507936e-06
2020-04-15,5.555555555555557e-06
2020-04-16,5.555555555555557e-06
2020-04-17,4.7619047619047615e-06
2020-04-20,4.7619047619047615e-06
2020-04-21,4.365079365079366e-06
2020-04-22,4.7619047619047615e-06
2020-04-23,4.365079365079366e-06
2020-04-24,4.7619047619047615e-06
2020-04-27,4.7619047619047615e-06
2020-04-28,4.365079365079366e-06
2020-04-29,3.968253968253968e-06
2020-04-30,3.5714285714285714e-06
2020-05-01,4.7619047619047615e-06
2020-05-04,5.158730158730158e-06
2020-05-05,5.158730158730158e-06
2020-05-06,4.7619047619047615e-06
2020-05-07,4.365079365079366e-06
2020-05-08,4.7619047619047615e-06
2020-05-11,4.7619047619047615e-06
2020-05-12,5.158730158730158e-06
2020-05-13,5.158730158730158e-06
2020-05-14,4.7619047619047615e-06
2020-05-15,4.7619047619047615e-06
2020-05-18,5.158730158730158e-06
2020-05-19,5.158730158730158e-06
2020-05-20,4.7619047619047615e-06
2020-05-21,4.7619047619047615e-06
2020-05-22,4.7619047619047615e-06
2020-05-26,5.555555555555557e-06
2020-05-27,5.9523809523809525e-06
2020-05-28,5.9523809523809525e-06
2020-05-29,5.555555555555557e-06
2020-06-01,5.555555555555557e-06
2020-06-02,5.9523809523809525e-06
2020-06-03,6.349206349206349e-06
2020-06-04,5.9523809523809525e-06
2020-06-05,5.9523809523809525e-06
2020-06-08,6.746031746031747e-06
2020-06-09,7.5396825396825394e-06
2020-06-10,6.746031746031747e-06
2020-06-11,6.746031746031747e-06
2020-06-12,6.349206349206349e-06
2020-06-15,7.142857142857143e-06
2020-06-16,6.746031746031747e-06
2020-06-17,6.746031746031747e-06
2020-06-18,6.349206349206349e-06
2020-06-19,5.9523809523809525e-06
2020-06-22,6.349206349206349e-06
2020-06-23,6.349206349206349e-06
2020-06-24,5.9523809523809525e-06
2020-06-25,6.349206349206349e-06
2020-06-26,5.555555555555557e-06
2020-06-29,5.555555555555557e-06
2020-06-30,6.349206349206349e-06
2020-07-01,5.555555555555557e-06
2020-07-02,5.555555555555557e-06
2020-07-06,5.9523809523809525e-06
2020-07-07,5.9523809523809525e-06
2020-07-08,5.9523809523809525e-06
2020-07-09,5.158730158730158e-06
2020-07-10,5.158730158730158e-06
2020-07-13,5.555555555555557e-06
2020-07-14,5.9523809523809525e-06
2020-07-15,6.349206349206349e-06
2020-07-16,4.365079365079366e-06
2020-07-17,4.365079365079366e-06
2020-07-20,5.158730158730158e-06
2020-07-21,5.158730158730158e-06
2020-07-22,5.158730158730158e-06
2020-07-23,4.7619047619047615e-06
2020-07-24,4.365079365079366e-06
2020-07-27,4.365079365079366e-06
2020-07-28,4.365079365079366e-06
2020-07-29,4.365079365079366e-06
2020-07-30,3.5714285714285714e-06
2020-07-31,3.5714285714285714e-06
2020-08-03,3.968253968253968e-06
2020-08-04,3.5714285714285714e-06
2020-08-05,3.968253968253968e-06
2020-08-06,3.968253968253968e-06
2020-08-07,3.968253968253968e-06
2020-08-10,4.365079365079366e-06
2020-08-11,4.365079365079366e-06
2020-08-12,4.365079365079366e-06
2020-08-13,3.968253968253968e-06
2020-08-14,3.968253968253968e-06
2020-08-17,3.968253968253968e-06
2020-08-18,3.5714285714285714e-06
2020-08-19,4.365079365079366e-06
2020-08-20,4.365079365079366e-06
2020-08-21,3.968253968253968e-06
2020-08-24,4.7619047619047615e-06
2020-08-25,4.365079365079366e-06
2020-08-26,4.365079365079366e-06
2020-08-27,4.365079365079366e-06
2020-08-28,3.968253968253968e-06
2020-08-31,4.365079365079366e-06
2020-09-01,4.7619047619047615e-06
2020-09-02,4.7619047619047615e-06
2020-09-03,4.365079365079366e-06
2020-09-04,4.365079365079366e-06
2020-09-08,5.158730158730158e-06
2020-09-09,4.7619047619047615e-06
2020-09-10,4.7619047619047615e-06
2020-09-11,4.365079365079366e-06
2020-09-14,4.365079365079366e-06
2020-09-15,4.365079365079366e-06
2020-09-16,4.7619047619047615e-06
2020-09-17,3.5714285714285714e-06
2020-09-18,3.968253968253968e-06
2020-09-21,3.968253968253968e-06
2020-09-22,3.968253968253968e-06
2020-09-23,4.365079365079366e-06
2020-09-24,3.968253968253968e-06
2020-09-25,3.968253968253968e-06
2020-09-28,4.365079365079366e-06
2020-09-29,3.5714285714285714e-06
2020-09-30,3.968253968253968e-06
2020-10-01,3.5714285714285714e-06
2020-10-02,3.5714285714285714e-06
2020-10-05,3.968253968253968e-06
2020-10-06,3.968253968253968e-06
2020-10-07,3.968253968253968e-06
2020-10-08,3.5714285714285714e-06
2020-10-09,3.968253968253968e-06
2020-10-12,3.968253968253968e-06
2020-10-13,4.365079365079366e-06
2020-10-14,4.7619047619047615e-06
2020-10-15,4.365079365079366e-06
2020-10-16,4.365079365079366e-06
2020-10-19,4.365079365079366e-06
2020-10-20,3.968253968253968e-06
2020-10-21,3.968253968253968e-06
2020-10-22,3.5714285714285714e-06
2020-10-23,3.968253968253968e-06
2020-10-26,4.365079365079366e-06
2020-10-27,3.968253968253968e-06
2020-10-28,3.968253968253968e-06
2020-10-29,3.5714285714285714e-06
2020-10-30,3.5714285714285714e-06
2020-11-02,3.5714285714285714e-06
2020-11-03,3.968253968253968e-06
2020-11-04,3.968253968253968e-06
2020-11-05,3.968253968253968e-06
2020-11-06,3.968253968253968e-06
2020-11-09,4.365079365079366e-06
2020-11-10,3.968253968253968e-06
2020-11-11,3.968253968253968e-06
2020-11-12,3.968253968253968e-06
2020-11-13,3.5714285714285714e-06
2020-11-16,3.5714285714285714e-06
2020-11-17,3.5714285714285714e-06
2020-11-18,3.5714285714285714e-06
2020-11-19,2.7777777777777783e-06
2020-11-20,2.7777777777777783e-06
2020-11-23,3.1746031746031746e-06
2020-11-24,3.5714285714285714e-06
2020-11-25,3.5714285714285714e-06
2020-11-27,3.5714285714285714e-06
2020-11-30,3.1746031746031746e-06
2020-12-01,3.5714285714285714e-06
2020-12-02,3.5714285714285714e-06
2020-12-03,3.1746031746031746e-06
2020-12-04,3.5714285714285714e-06
2020-12-07,3.1746031746031746e-06
2020-12-08,3.5714285714285714e-06
2020-12-09,3.1746031746031746e-06
2020-12-10,3.1746031746031746e-06
2020-12-11,3.1746031746031746e-06
2020-12-14,3.5714285714285714e-06
2020-12-15,3.1746031746031746e-06
2020-12-16,3.5714285714285714e-06
2020-12-17,3.1746031746031746e-06
2020-12-18,3.1746031746031746e-06
2020-12-21,3.5714285714285714e-06
2020-12-22,3.5714285714285714e-06
2020-12-23,3.5714285714285714e-06
2020-12-24,3.5714285714285714e-06
2020-12-28,4.365079365079366e-06
2020-12-29,3.968253968253968e-06
2020-12-30,3.1746031746031746e-06
2020-12-31,3.5714285714285714e-06
2021-01-04,3.5714285714285714e-06
2021-01-05,3.5714285714285714e-06
2021-01-06,3.5714285714285714e-06
2021-01-07,3.5714285714285714e-06
2021-01-08,3.1746031746031746e-06
2021-01-11,3.1746031746031746e-06
2021-01-12,3.5714285714285714e-06
2021-01-13,3.5714285714285714e-06
2021-01-14,3.5714285714285714e-06
2021-01-15,3.5714285714285714e-06
2021-01-19,3.5714285714285714e-06
2021-01-20,3.1746031746031746e-06
2021-01-21,3.5714285714285714e-06
2021-01-22,3.1746031746031746e-06
2021-01-25,3.5714285714285714e-06
2021-01-26,2.7777777777777783e-06
2021-01-27,3.1746031746031746e-06
2021-01-28,2.7777777777777783e-06
2021-01-29,2.3809523809523808e-06
2021-02-01,2.7777777777777783e-06
2021-02-02,2.7777777777777783e-06
2021-02-03,1.5873015873015873e-06
2021-02-04,1.5873015873015873e-06
2021-02-05,1.1904761904761904e-06
2021-02-08,1.984126984126984e-06
2021-02-09,1.5873015873015873e-06
2021-02-10,1.984126984126984e-06
2021-02-11,1.984126984126984e-06
2021-02-12,1.5873015873015873e-06
2021-02-16,1.5873015873015873e-06
2021-02-17,1.5873015873015873e-06
2021-02-18,1.1904761904761904e-06
2021-02-19,1.5873015873015873e-06
2021-02-22,1.1904761904761904e-06
2021-02-23,1.5873015873015873e-06
2021-02-24,1.1904761904761904e-06
2021-02-25,1.5873015873015873e-06
2021-02-26,1.5873015873015873e-06
2021-03-01,1.984126984126984e-06
2021-03-02,1.5873015873015873e-06
2021-03-03,1.984126984126984e-06
2021-03-04,1.5873015873015873e-06
2021-03-05,1.5873015873015873e-06
2021-03-08,1.984126984126984e-06
2021-03-09,1.984126984126984e-06
2021-03-10,1.5873015873015873e-06
2021-03-11,1.5873015873015873e-06
2021-03-12,1.5873015873015873e-06
2021-03-15,1.5873015873015873e-06
2021-03-16,7.936507936507937e-07
2021-03-17,7.936507936507937e-07
2021-03-18,3.9682539682539683e-07
2021-03-19,3.9682539682539683e-07
2021-03-22,1.1904761904761904e-06
2021-03-23,3.9682539682539683e-07
2021-03-24,7.936507936507937e-07
2021-03-25,7.936507936507937e-07
2021-03-26,7.936507936507937e-07
2021-03-29,1.1904761904761904e-06
2021-03-30,7.936507936507937e-07
2021-03-31,1.1904761904761904e-06
2021-04-01,7.936507936507937e-07
2021-04-05,1.1904761904761904e-06
2021-04-06,7.936507936507937e-07
2021-04-07,7.936507936507937e-07
2021-04-08,3.9682539682539683e-07
2021-04-09,7.936507936507937e-07
2021-04-12,7.936507936507937e-07
2021-04-13,1.1904761904761904e-06
2021-04-14,7.936507936507937e-07
2021-04-15,7.936507936507937e-07
2021-04-16,7.936507936507937e-07
2021-04-19,7.936507936507937e-07
2021-04-20,1.1904761904761904e-06
2021-04-21,1.1904761904761904e-06
2021-04-22,1.1904761904761904e-06
2021-04-23,1.1904761904761904e-06
2021-04-26,1.1904761904761904e-06
2021-04-27,3.9682539682539683e-07
2021-04-28,3.9682539682539683e-07
2021-04-29,3.9682539682539683e-07
2021-04-30,3.9682539682539683e-07
2021-05-03,1.5873015873015873e-06
2021-05-04,7.936507936507937e-07
2021-05-05,7.936507936507937e-07
2021-05-06,7.936507936507937e-07
2021-05-07,7.936507936507937e-07
2021-05-10,7.936507936507937e-07
2021-05-11,3.9682539682539683e-07
2021-05-12,7.936507936507937e-07
2021-05-13,7.936507936507937e-07
2021-05-14,3.9682539682539683e-07
2021-05-17,7.936507936507937e-07
2021-05-18,7.936507936507937e-07
2021-05-19,3.9682539682539683e-07
2021-05-20,3.9682539682539683e-07
2021-05-21,3.9682539682539683e-07
2021-05-24,7.936507936507937e-07
2021-05-25,7.936507936507937e-07
2021-05-26,7.936507936507937e-07
2021-05-27,7.936507936507937e-07
2021-05-28,3.9682539682539683e-07
2021-06-01,7.936507936507937e-07
2021-06-02,7.936507936507937e-07
2021-06-03,7.936507936507937e-07
2021-06-04,7.936507936507937e-07
2021-06-07,7.936507936507937e-07
2021-06-08,7.936507936507937e-07
2021-06-09,1.1904761904761904e-06
2021-06-10,1.1904761904761904e-06
2021-06-11,1.1904761904761904e-06
2021-06-14,1.1904761904761904e-06
2021-06-15,1.1904761904761904e-06
2021-06-16,1.5873015873015873e-06
2021-06-17,1.5873015873015873e-06
2021-06-18,1.984126984126984e-06
2021-06-21,1.984126984126984e-06
2021-06-22,1.5873015873015873e-06
2021-06-23,1.984126984126984e-06
2021-06-24,1.984126984126984e-06
2021-06-25,2.3809523809523808e-06
2021-06-28,1.984126984126984e-06
2021-06-29,1.5873015873015873e-06
2021-06-30,1.984126984126984e-06
2021-07-01,1.984126984126984e-06
2021-07-02,1.984126984126984e-06
2021-07-06,1.984126984126984e-06
2021-07-07,1.984126984126984e-06
2021-07-08,2.3809523809523808e-06
2021-07-09,2.3809523809523808e-06
2021-07-12,1.984126984126984e-06
2021-07-13,1.984126984126984e-06
2021-07-14,2.3809523809523808e-06
2021-07-15,1.984126984126984e-06
2021-07-16,1.984126984126984e-06
2021-07-19,1.984126984126984e-06
2021-07-20,1.984126984126984e-06
2021-07-21,1.984126984126984e-06
2021-07-22,1.984126984126984e-06
2021-07-23,1.984126984126984e-06
2021-07-26,1.984126984126984e-06
2021-07-27,1.984126984126984e-06
2021-07-28,1.984126984126984e-06
2021-07-29,2.3809523809523808e-06
2021-07-30,2.3809523809523808e-06
2021-08-02,1.984126984126984e-06
2021-08-03,1.984126984126984e-06
2021-08-04,1.984126984126984e-06
2021-08-05,1.984126984126984e-06
2021-08-06,2.3809523809523808e-06
2021-08-09,2.3809523809523808e-06
2021-08-10,1.984126984126984e-06
2021-08-11,1.984126984126984e-06
2021-08-12,2.3809523809523808e-06
2021-08-13,2.3809523809523808e-06
2021-08-16,2.3809523809523808e-06
2021-08-17,2.7777777777777783e-06
2021-08-18,2.7777777777777783e-06
2021-08-19,2.3809523809523808e-06
2021-08-20,1.984126984126984e-06
2021-08-23,1.984126984126984e-06
2021-08-24,1.984126984126984e-06
2021-08-25,2.3809523809523808e-06
2021-08-26,1.984126984126984e-06
2021-08-27,1.984126984126984e-06
2021-08-30,1.984126984126984e-06
2021-08-31,1.5873015873015873e-06
2021-09-01,1.984126984126984e-06
2021-09-02,1.984126984126984e-06
2021-09-03,1.984126984126984e-06
2021-09-07,1.984126984126984e-06
2021-09-08,1.984126984126984e-06
2021-09-09,1.5873015873015873e-06
2021-09-10,1.984126984126984e-06
2021-09-13,2.3809523809523808e-06
2021-09-14,1.5873015873015873e-06
2021-09-15,1.5873015873015873e-06
2021-09-16,1.5873015873015873e-06
2021-09-17,1.5873015873015873e-06
2021-09-20,1.5873015873015873e-06
2021-09-21,1.1904761904761904e-06
2021-09-22,1.1904761904761904e-06
2021-09-23,1.1904761904761904e-06
2021-09-24,1.1904761904761904e-06
2021-09-27,1.5873015873015873e-06
2021-09-28,1.5873015873015873e-06
2021-09-29,1.5873015873015873e-06
2021-09-30,1.5873015873015873e-06
2021-10-01,1.5873015873015873e-06
2021-10-04,1.5873015873015873e-06
2021-10-05,1.5873015873015873e-06
2021-10-06,1.5873015873015873e-06
2021-10-07,1.984126984126984e-06
2021-10-08,1.984126984126984e-06
2021-10-11,1.984126984126984e-06
2021-10-12,2.3809523809523808e-06
2021-10-13,1.984126984126984e-06
2021-10-14,1.984126984126984e-06
2021-10-15,1.984126984126984e-06
2021-10-18,2.3809523809523808e-06
2021-10-19,1.984126984126984e-06
2021-10-20,1.984126984126984e-06
2021-10-21,2.3809523809523808e-06
2021-10-22,2.3809523809523808e-06
2021-10-25,2.3809523809523808e-06
2021-10-26,2.3809523809523808e-06
2021-10-27,2.3809523809523808e-06
2021-10-28,2.3809523809523808e-06
2021-10-29,1.984126984126984e-06
2021-11-01,1.984126984126984e-06
2021-11-02,1.984126984126984e-06
2021-11-03,1.984126984126984e-06
2021-11-04,1.5873015873015873e-06
2021-11-05,1.984126984126984e-06
2021-11-08,2.3809523809523808e-06
2021-11-09,1.5873015873015873e-06
2021-11-10,1.984126984126984e-06
2021-11-11,1.984126984126984e-06
2021-11-12,1.984126984126984e-06
2021-11-15,1.984126984126984e-06
2021-11-16,1.984126984126984e-06
2021-11-17,1.984126984126984e-06
2021-11-18,1.984126984126984e-06
2021-11-19,1.984126984126984e-06
2021-11-22,1.984126984126984e-06
2021-11-23,2.3809523809523808e-06
2021-11-24,2.3809523809523808e-06
2021-11-26,2.3809523809523808e-06
2021-11-29,2.3809523809523808e-06
2021-11-30,1.984126984126984e-06
2021-12-01,2.3809523809523808e-06
2021-12-02,1.984126984126984e-06
2021-12-03,2.3809523809523808e-06
2021-12-06,1.984126984126984e-06
2021-12-07,2.3809523809523808e-06
2021-12-08,2.7777777777777783e-06
2021-12-09,2.3809523809523808e-06
2021-12-10,2.3809523809523808e-06
2021-12-13,1.984126984126984e-06
2021-12-14,1.984126984126984e-06
2021-12-15,1.984126984126984e-06
2021-12-16,1.984126984126984e-06
2021-12-17,1.984126984126984e-06
2021-12-20,2.7777777777777783e-06
2021-12-21,2.7777777777777783e-06
2021-12-22,3.1746031746031746e-06
2021-12-23,2.7777777777777783e-06
2021-12-27,2.3809523809523808e-06
2021-12-28,2.3809523809523808e-06
2021-12-29,1.984126984126984e-06
2021-12-30,1.984126984126984e-06
2021-12-31,2.3809523809523808e-06
2022-01-03,3.1746031746031746e-06
2022-01-04,3.1746031746031746e-06
2022-01-05,3.5714285714285714e-06
2022-01-06,3.968253968253968e-06
2022-01-07,3.968253968253968e-06
2022-01-10,5.158730158730158e-06
2022-01-11,4.365079365079366e-06
2022-01-12,4.7619047619047615e-06
2022-01-13,4.7619047619047615e-06
2022-01-14,5.158730158730158e-06
2022-01-18,6.349206349206349e-06
2022-01-19,6.746031746031747e-06
2022-01-20,6.746031746031747e-06
2022-01-21,6.746031746031747e-06
2022-01-24,7.5396825396825394e-06
2022-01-25,7.5396825396825394e-06
2022-01-26,7.5396825396825394e-06
2022-01-27,7.936507936507936e-06
2022-01-28,7.5396825396825394e-06
2022-01-31,8.730158730158731e-06
2022-02-01,7.5396825396825394e-06
2022-02-02,7.5396825396825394e-06
2022-02-03,7.936507936507936e-06
2022-02-04,9.126984126984127e-06
2022-02-07,1.0714285714285714e-05
2022-02-08,9.92063492063492e-06
2022-02-09,1.0317460317460317e-05
2022-02-10,1.5873015873015872e-05
2022-02-11,1.4285714285714285e-05
2022-02-14,1.7063492063492063e-05
2022-02-15,1.5873015873015872e-05
2022-02-16,1.5079365079365079e-05
2022-02-17,1.4285714285714285e-05
2022-02-18,1.3888888888888888e-05
2022-02-22,1.4682539682539683e-05
2022-02-23,1.3492063492063494e-05
2022-02-24,1.2698412698412699e-05
2022-02-25,1.3095238095238094e-05
2022-02-28,1.3888888888888888e-05
2022-03-01,1.2698412698412699e-05
2022-03-02,1.3492063492063494e-05
2022-03-03,1.5079365079365079e-05
2022-03-04,1.3492063492063494e-05
2022-03-07,1.5079365079365079e-05
2022-03-08,1.4285714285714285e-05
2022-03-09,1.5079365079365079e-05
2022-03-10,1.5476190476190476e-05
2022-03-11,1.5873015873015872e-05
2022-03-14,1.785714285714286e-05
2022-03-15,1.8253968253968254e-05
2022-03-16,1.7460317460317463e-05
2022-03-17,1.5873015873015872e-05
2022-03-18,1.6666666666666664e-05
2022-03-21,2.1428571428571428e-05
2022-03-22,2.023809523809524e-05
2022-03-23,1.984126984126984e-05
2022-03-24,2.0634920634920633e-05
2022-03-25,2.1825396825396827e-05
2022-03-28,2.341269841269841e-05
2022-03-29,2.1825396825396827e-05
2022-03-30,2.1825396825396827e-05
2022-03-31,2.0634920634920633e-05
2022-04-01,2.1031746031746032e-05
2022-04-04,2.619047619047619e-05
2022-04-05,2.5793650793650796e-05
2022-04-06,2.6587301587301588e-05
2022-04-07,2.6984126984126987e-05
2022-04-08,2.7777777777777776e-05
2022-04-11,3.0555555555555554e-05
2022-04-12,2.9365079365079366e-05
2022-04-13,2.9761904761904762e-05
2022-04-14,3.134920634920635e-05
2022-04-18,3.214285714285715e-05
2022-04-19,3.214285714285715e-05
2022-04-20,3.2539682539682536e-05
2022-04-21,3.2936507936507936e-05
2022-04-22,3.2936507936507936e-05
2022-04-25,3.6111111111111116e-05
2022-04-26,3.2936507936507936e-05
2022-04-27,3.2539682539682536e-05
2022-04-28,3.2539682539682536e-05
2022-04-29,3.3730158730158734e-05
2022-05-02,3.571428571428572e-05
2022-05-03,3.6111111111111116e-05
2022-05-04,3.531746031746032e-05
2022-05-05,3.3730158730158734e-05
2022-05-06,3.3730158730158734e-05
2022-05-09,3.650793650793651e-05
2022-05-10,3.531746031746032e-05
2022-05-11,3.6111111111111116e-05
2022-05-12,3.809523809523809e-05
2022-05-13,4.0873015873015874e-05
2022-05-16,4.2460317460317464e-05
2022-05-17,4.2063492063492065e-05
2022-05-18,4.0873015873015874e-05
2022-05-19,4.166666666666667e-05
2022-05-20,4.0873015873015874e-05
2022-05-23,4.2460317460317464e-05
2022-05-24,4.2063492063492065e-05
2022-05-25,4.2063492063492065e-05
2022-05-26,4.2460317460317464e-05
2022-05-27,4.2857142857142856e-05
2022-05-31,4.603174603174603e-05
2022-06-01,4.563492063492063e-05
2022-06-02,4.642857142857142e-05
2022-06-03,4.801587301587301e-05
2022-06-06,5e-05
2022-06-07,5e-05
2022-06-08,5.0793650793650794e-05
2022-06-09,5.158730158730159e-05
2022-06-10,5.515873015873015e-05
2022-06-13,6.865079365079365e-05
2022-06-14,7.261904761904762e-05
2022-06-15,6.904761904761904e-05
2022-06-16,6.30952380952381e-05
2022-06-17,6.468253968253968e-05
2022-06-21,6.746031746031747e-05
2022-06-22,6.388888888888888e-05
2022-06-23,6.547619047619048e-05
2022-06-24,6.865079365079365e-05
2022-06-27,7.103174603174603e-05
2022-06-28,7.103174603174603e-05
2022-06-29,7.063492063492064e-05
2022-06-30,6.825396825396825e-05
2022-07-01,6.865079365079365e-05
2022-07-05,7.53968253968254e-05
2022-07-06,7.53968253968254e-05
2022-07-07,7.738095238095238e-05
2022-07-08,7.857142857142857e-05
2022-07-11,8.650793650793651e-05
2022-07-12,8.80952380952381e-05
2022-07-13,9.484126984126985e-05
2022-07-14,9.523809523809524e-05
2022-07-15,9.404761904761906e-05
2022-07-18,9.92063492063492e-05
2022-07-19,0.0001
2022-07-20,9.96031746031746e-05
2022-07-21,9.841269841269841e-05
2022-07-22,9.880952380952381e-05
2022-07-25,0.00010396825396825397
2022-07-26,0.00010119047619047618
2022-07-27,9.682539682539682e-05
2022-07-28,9.603174603174603e-05
2022-07-29,9.563492063492063e-05
2022-08-01,0.00010158730158730159
2022-08-02,0.00010158730158730159
2022-08-03,0.0001
2022-08-04,9.92063492063492e-05
2022-08-05,0.00010238095238095239
2022-08-08,0.00010515873015873016
2022-08-09,0.00010595238095238095
2022-08-10,0.00010515873015873016
2022-08-11,0.00010396825396825397
2022-08-12,0.00010436507936507936
2022-08-15,0.00010793650793650795
2022-08-16,0.00010714285714285715
2022-08-17,0.00010634920634920635
2022-08-18,0.00010753968253968253
2022-08-19,0.00010873015873015873
2022-08-22,0.0001119047619047619
2022-08-23,0.0001111111111111111
2022-08-24,0.0001119047619047619
2022-08-25,0.00011428571428571428
2022-08-26,0.00011468253968253969
2022-08-29,0.00011785714285714286
2022-08-30,0.00011785714285714286
2022-08-31,0.00011746031746031746
2022-09-01,0.00011785714285714286
2022-09-02,0.00011666666666666667
2022-09-06,0.00012063492063492063
2022-09-07,0.00012182539682539682
2022-09-08,0.00012142857142857144
2022-09-09,0.00012222222222222221
2022-09-12,0.0001257936507936508
2022-09-13,0.00013015873015873015
2022-09-14,0.0001285714285714286
2022-09-15,0.00012777777777777776
2022-09-16,0.00012698412698412698
2022-09-19,0.00013373015873015875
2022-09-20,0.00013293650793650793
2022-09-21,0.00013134920634920634
2022-09-22,0.00013055555555555555
2022-09-23,0.0001285714285714286
2022-09-26,0.00013452380952380953
2022-09-27,0.00013293650793650793
2022-09-28,0.00013492063492063494
2022-09-29,0.0001333333333333333
2022-09-30,0.00013214285714285715
2022-10-03,0.0001373015873015873
2022-10-04,0.0001369047619047619
2022-10-05,0.0001373015873015873
2022-10-06,0.0001373015873015873
2022-10-07,0.0001369047619047619
2022-10-10,0.0001369047619047619
2022-10-11,0.00014563492063492063
2022-10-12,0.00014682539682539685
2022-10-13,0.00015039682539682542
2022-10-14,0.0001511904761904762
2022-10-17,0.00015753968253968254
2022-10-18,0.0001603174603174603
2022-10-19,0.00016150793650793652
2022-10-20,0.0001623015873015873
2022-10-21,0.0001623015873015873
2022-10-24,0.00016507936507936506
2022-10-25,0.00016428571428571428
2022-10-26,0.00016309523809523812
2022-10-27,0.00016388888888888887
2022-10-28,0.00016587301587301585
2022-10-31,0.00016746031746031745
2022-11-01,0.00016785714285714288
2022-11-02,0.00016746031746031745
2022-11-03,0.00016865079365079366
2022-11-04,0.00016706349206349207
2022-11-07,0.00017023809523809523
2022-11-08,0.00016984126984126986
2022-11-09,0.00017023809523809523
2022-11-10,0.00016984126984126986
2022-11-11,0.00016984126984126986
2022-11-14,0.00017222222222222224
2022-11-15,0.00017103174603174602
2022-11-16,0.00017142857142857143
2022-11-17,0.00017142857142857143
2022-11-18,0.00017222222222222224
2022-11-21,0.000175
2022-11-22,0.00017460317460317462
2022-11-23,0.00017460317460317462
2022-11-25,0.000175
2022-11-28,0.000175
2022-11-29,0.0001738095238095238
2022-11-30,0.00017341269841269843
2022-12-01,0.00017182539682539683
2022-12-02,0.00017222222222222224
2022-12-05,0.00017301587301587302
2022-12-06,0.00017341269841269843
2022-12-07,0.00017023809523809523
2022-12-08,0.00016984126984126986
2022-12-09,0.00017103174603174602
2022-12-12,0.0001738095238095238
2022-12-13,0.00017261904761904762
2022-12-14,0.00017182539682539683
2022-12-15,0.00017222222222222224
2022-12-16,0.00017103174603174602
2022-12-19,0.00017341269841269843
2022-12-20,0.00017261904761904762
2022-12-21,0.00017182539682539683
2022-12-22,0.00017261904761904762
2022-12-23,0.00017222222222222224
2022-12-27,0.00017698412698412697
2022-12-28,0.00017698412698412697
2022-12-29,0.0001765873015873016
2022-12-30,0.00017539682539682538
2023-01-03,0.00017976190476190476
2023-01-04,0.00018055555555555555
2023-01-05,0.00018492063492063493
2023-01-06,0.0001853174603174603
2023-01-09,0.0001865079365079365
2023-01-10,0.0001876984126984127
2023-01-11,0.0001873015873015873
2023-01-12,0.00018492063492063493
2023-01-13,0.0001853174603174603
2023-01-17,0.0001869047619047619
2023-01-18,0.00018611111111111112
2023-01-19,0.0001869047619047619
2023-01-20,0.0001873015873015873
2023-01-23,0.0001876984126984127
2023-01-24,0.0001873015873015873
2023-01-25,0.0001873015873015873
2023-01-26,0.0001869047619047619
2023-01-27,0.0001876984126984127
2023-01-30,0.0001873015873015873
2023-01-31,0.0001865079365079365
2023-02-01,0.00018492063492063493
2023-02-02,0.00018492063492063493
2023-02-03,0.0001865079365079365
2023-02-06,0.0001869047619047619
2023-02-07,0.0001869047619047619
2023-02-08,0.0001873015873015873
2023-02-09,0.00018928571428571426
2023-02-10,0.00019007936507936508
2023-02-13,0.00019087301587301586
2023-02-14,0.00019047619047619048
2023-02-15,0.00019007936507936508
2023-02-16,0.00019206349206349205
2023-02-17,0.00019206349206349205
2023-02-21,0.00019285714285714286
2023-02-22,0.00019206349206349205
2023-02-23,0.00019206349206349205
2023-02-24,0.00019285714285714286
2023-02-27,0.00019404761904761905
2023-02-28,0.00019365079365079365
2023-03-01,0.00019444444444444446
2023-03-02,0.00019484126984126987
2023-03-03,0.00019484126984126987
2023-03-06,0.00019563492063492062
2023-03-07,0.0002
2023-03-08,0.0002007936507936508
2023-03-09,0.0002003968253968254
2023-03-10,0.0001988095238095238
2023-03-13,0.00019325396825396824
2023-03-14,0.00019365079365079365
2023-03-15,0.0001884920634920635
2023-03-16,0.00018809523809523813
2023-03-17,0.00017936507936507936
2023-03-20,0.00019087301587301586
2023-03-21,0.0001896825396825397
2023-03-22,0.00019007936507936508
2023-03-23,0.0001876984126984127
2023-03-24,0.00018809523809523813
2023-03-27,0.00019484126984126987
2023-03-28,0.00019047619047619048
2023-03-29,0.00019047619047619048
2023-03-30,0.0001972222222222222
2023-03-31,0.00019246031746031743
2023-04-03,0.00019444444444444446
2023-04-04,0.00019365079365079365
2023-04-05,0.00019285714285714286
2023-04-06,0.00019484126984126987
2023-04-10,0.00020158730158730158
2023-04-11,0.0002
2023-04-12,0.0001992063492063492
2023-04-13,0.00020238095238095236
2023-04-14,0.00020396825396825393
2023-04-17,0.00020674603174603175
2023-04-18,0.00020634920634920637
2023-04-19,0.00020476190476190477
2023-04-20,0.00020317460317460318
2023-04-21,0.00020396825396825393
2023-04-24,0.00020634920634920637
2023-04-25,0.00020317460317460318
2023-04-26,0.00020476190476190477
2023-04-27,0.00020555555555555556
2023-04-28,0.00020238095238095236
2023-05-01,0.0002091269841269841
2023-05-02,0.00020793650793650794
2023-05-03,0.00020873015873015873
2023-05-04,0.00020873015873015873
2023-05-05,0.00020873015873015873
2023-05-08,0.0002107142857142857
2023-05-09,0.00020992063492063494
2023-05-10,0.00020793650793650794
2023-05-11,0.00020634920634920637
2023-05-12,0.00020833333333333332
2023-05-15,0.00020674603174603175
2023-05-16,0.00020753968253968256
2023-05-17,0.00020873015873015873
2023-05-18,0.0002107142857142857
2023-05-19,0.00020992063492063494
2023-05-22,0.0002142857142857143
2023-05-23,0.0002119047619047619
2023-05-24,0.00021309523809523808
2023-05-25,0.0002134920634920635
2023-05-26,0.0002119047619047619
2023-05-30,0.00022023809523809523
2023-05-31,0.00021904761904761904
2023-06-01,0.00021825396825396825
2023-06-02,0.00021825396825396825
2023-06-05,0.00021666666666666668
2023-06-06,0.0002158730158730159
2023-06-07,0.00021507936507936506
2023-06-08,0.0002134920634920635
2023-06-09,0.00021309523809523808
2023-06-12,0.0002142857142857143
2023-06-13,0.0002126984126984127
2023-06-14,0.0002126984126984127
2023-06-15,0.00021150793650793651
2023-06-16,0.0002119047619047619
2023-06-20,0.00021388888888888887
2023-06-21,0.0002142857142857143
2023-06-22,0.0002142857142857143
2023-06-23,0.00021468253968253968
2023-06-26,0.00021825396825396825
2023-06-27,0.0002158730158730159
2023-06-28,0.0002158730158730159
2023-06-29,0.00021666666666666668
2023-06-30,0.00021547619047619047
2023-07-03,0.0002158730158730159
2023-07-05,0.0002158730158730159
2023-07-06,0.00021666666666666668
2023-07-07,0.00021666666666666668
2023-07-10,0.00021746031746031747
2023-07-11,0.00021785714285714287
2023-07-12,0.00021706349206349206
2023-07-13,0.00021706349206349206
2023-07-14,0.00021785714285714287
2023-07-17,0.00021785714285714287
2023-07-18,0.00021785714285714287
2023-07-19,0.00021785714285714287
2023-07-20,0.00021785714285714287
2023-07-21,0.00021825396825396825
2023-07-24,0.00021865079365079363
2023-07-25,0.00021865079365079363
2023-07-26,0.00021865079365079363
2023-07-27,0.00021865079365079363
2023-07-28,0.00021904761904761904
2023-07-31,0.00022023809523809523
2023-08-01,0.00021984126984126982
2023-08-02,0.00021944444444444444
2023-08-03,0.00021984126984126982
2023-08-04,0.00021984126984126982
2023-08-07,0.0002206349206349206
2023-08-08,0.00022103174603174604
2023-08-09,0.00022023809523809523
2023-08-10,0.00021984126984126982
2023-08-11,0.00021984126984126982
2023-08-14,0.0002206349206349206
2023-08-15,0.0002206349206349206
2023-08-16,0.0002206349206349206
2023-08-17,0.0002206349206349206
2023-08-18,0.00022023809523809523
2023-08-21,0.00022103174603174604
2023-08-22,0.00022103174603174604
2023-08-23,0.00022103174603174604
2023-08-24,0.00022142857142857145
2023-08-25,0.00022261904761904764
2023-08-28,0.00022142857142857145
2023-08-29,0.0002206349206349206
2023-08-30,0.0002206349206349206
2023-08-31,0.0002206349206349206
2023-09-01,0.00021944444444444444
2023-09-05,0.00022023809523809523
2023-09-06,0.00022023809523809523
2023-09-07,0.00021944444444444444
2023-09-08,0.00022023809523809523
2023-09-11,0.00022023809523809523
2023-09-12,0.0002206349206349206
2023-09-13,0.00022023809523809523
2023-09-14,0.00022023809523809523
2023-09-15,0.0002206349206349206
2023-09-18,0.00022023809523809523
2023-09-19,0.00021984126984126982
2023-09-20,0.0002206349206349206
2023-09-21,0.00022103174603174604
2023-09-22,0.0002206349206349206
2023-09-25,0.00022142857142857145
2023-09-26,0.00022142857142857145
2023-09-27,0.00022142857142857145
2023-09-28,0.0002206349206349206
2023-09-29,0.00022023809523809523
2023-10-02,0.00022301587301587302
2023-10-03,0.00022301587301587302
2023-10-04,0.00022261904761904764
2023-10-05,0.00022261904761904764
2023-10-06,0.0002234126984126984
2023-10-09,0.0002234126984126984
2023-10-10,0.00022261904761904764
2023-10-11,0.00022261904761904764
2023-10-12,0.0002234126984126984
2023-10-13,0.00022301587301587302
2023-10-16,0.00022261904761904764
2023-10-17,0.00022301587301587302
2023-10-18,0.00022261904761904764
2023-10-19,0.0002222222222222222
2023-10-20,0.00022142857142857145
2023-10-23,0.00022142857142857145
2023-10-24,0.00022142857142857145
2023-10-25,0.00022182539682539683
2023-10-26,0.00022182539682539683
2023-10-27,0.00022182539682539683
2023-10-30,0.0002222222222222222
2023-10-31,0.00022182539682539683
2023-11-01,0.00022103174603174604
2023-11-02,0.00021984126984126982
2023-11-03,0.00021944444444444444
2023-11-06,0.0002206349206349206
2023-11-07,0.00022023809523809523
2023-11-08,0.00021984126984126982
2023-11-09,0.00021984126984126982
2023-11-10,0.00021944444444444444
2023-11-13,0.00022023809523809523
2023-11-14,0.00021904761904761904
2023-11-15,0.00021944444444444444
2023-11-16,0.00021865079365079363
2023-11-17,0.00021825396825396825
2023-11-20,0.00021984126984126982
2023-11-21,0.00021944444444444444
2023-11-22,0.00021984126984126982
2023-11-24,0.00021984126984126982
2023-11-27,0.00021785714285714287
2023-11-28,0.00021706349206349206
2023-11-29,0.00021626984126984128
2023-11-30,0.00021626984126984128
2023-12-01,0.00021547619047619047
2023-12-04,0.00021666666666666668
2023-12-05,0.00021626984126984128
2023-12-06,0.00021626984126984128
2023-12-07,0.0002158730158730159
2023-12-08,0.0002158730158730159
2023-12-11,0.00021706349206349206
2023-12-12,0.00021666666666666668
2023-12-13,0.0002158730158730159
2023-12-14,0.00021547619047619047
2023-12-15,0.0002158730158730159
2023-12-18,0.00021666666666666668
2023-12-19,0.00021547619047619047
2023-12-20,0.0002158730158730159
2023-12-21,0.00021507936507936506
2023-12-22,0.0002158730158730159
2023-12-26,0.00021626984126984128
2023-12-27,0.0002158730158730159
2023-12-28,0.00021626984126984128
2023-12-29,0.0002142857142857143
2024-01-02,0.00021666666666666668
2024-01-03,0.00021746031746031747
2024-01-04,0.00021746031746031747
2024-01-05,0.00021706349206349206
2024-01-08,0.00021785714285714287
2024-01-09,0.00021706349206349206
2024-01-10,0.00021666666666666668
2024-01-11,0.00021666666666666668
2024-01-12,0.00021626984126984128
2024-01-16,0.00021626984126984128
2024-01-17,0.00021706349206349206
2024-01-18,0.00021626984126984128
2024-01-19,0.00021626984126984128
2024-01-22,0.00021666666666666668
2024-01-23,0.00021626984126984128
2024-01-24,0.0002158730158730159
2024-01-25,0.0002158730158730159
2024-01-26,0.0002158730158730159
2024-01-29,0.00021507936507936506
2024-01-30,0.00021507936507936506
2024-01-31,0.00021507936507936506
2024-02-01,0.00021507936507936506
2024-02-02,0.00021547619047619047
2024-02-05,0.00021507936507936506
2024-02-06,0.0002158730158730159
2024-02-07,0.00021547619047619047
2024-02-08,0.0002158730158730159
2024-02-09,0.0002158730158730159
2024-02-12,0.00021547619047619047
2024-02-13,0.00021626984126984128
2024-02-14,0.00021547619047619047
2024-02-15,0.00021547619047619047
2024-02-16,0.0002158730158730159
2024-02-20,0.0002158730158730159
2024-02-21,0.0002158730158730159
2024-02-22,0.00021626984126984128
2024-02-23,0.00021666666666666668
2024-02-26,0.00021706349206349206
2024-02-27,0.00021626984126984128
2024-02-28,0.00021626984126984128
2024-02-29,0.00021626984126984128
2024-03-01,0.00021507936507936506
2024-03-04,0.00021746031746031747
2024-03-05,0.00021706349206349206
2024-03-06,0.00021706349206349206
2024-03-07,0.00021706349206349206
2024-03-08,0.00021666666666666668
2024-03-11,0.00021746031746031747
2024-03-12,0.00021746031746031747
2024-03-13,0.00021746031746031747
2024-03-14,0.00021746031746031747
2024-03-15,0.00021746031746031747
2024-03-18,0.00021746031746031747
2024-03-19,0.00021746031746031747
2024-03-20,0.00021706349206349206
2024-03-21,0.00021746031746031747
2024-03-22,0.00021666666666666668
2024-03-25,0.00021666666666666668
2024-03-26,0.00021666666666666668
2024-03-27,0.00021626984126984128
2024-03-28,0.00021666666666666668
2024-04-01,0.0002158730158730159
2024-04-02,0.00021507936507936506
2024-04-03,0.00021507936507936506
2024-04-04,0.00021468253968253968
2024-04-05,0.00021547619047619047
2024-04-08,0.00021547619047619047
2024-04-09,0.00021547619047619047
2024-04-10,0.00021626984126984128
2024-04-11,0.00021626984126984128
2024-04-12,0.00021626984126984128
2024-04-15,0.00021626984126984128
2024-04-16,0.00021626984126984128
2024-04-17,0.00021626984126984128
2024-04-18,0.00021666666666666668
2024-04-19,0.00021626984126984128
2024-04-22,0.00021507936507936506
2024-04-23,0.00021626984126984128
2024-04-24,0.00021666666666666668
2024-04-25,0.00021706349206349206
2024-04-26,0.00021666666666666668
2024-04-29,0.00021626984126984128
2024-04-30,0.00021666666666666668
2024-05-01,0.00021666666666666668
2024-05-02,0.00021666666666666668
2024-05-03,0.00021626984126984128
2024-05-06,0.00021626984126984128
2024-05-07,0.00021626984126984128
2024-05-08,0.00021626984126984128
2024-05-09,0.00021666666666666668
2024-05-10,0.00021706349206349206
2024-05-13,0.00021626984126984128
2024-05-14,0.0002158730158730159
2024-05-15,0.00021626984126984128
2024-05-16,0.00021626984126984128
2024-05-17,0.00021666666666666668
2024-05-20,0.00021626984126984128
2024-05-21,0.00021626984126984128
2024-05-22,0.00021626984126984128
2024-05-23,0.00021666666666666668
2024-05-24,0.00021666666666666668
2024-05-28,0.00021666666666666668
2024-05-29,0.00021666666666666668
2024-05-30,0.00021666666666666668
2024-05-31,0.00021666666666666668
2024-06-03,0.00021904761904761904
2024-06-04,0.00021904761904761904
2024-06-05,0.00021865079365079363
2024-06-06,0.00021865079365079363
2024-06-07,0.00021904761904761904
2024-06-10,0.00021904761904761904
2024-06-11,0.00021904761904761904
2024-06-12,0.00021865079365079363
2024-06-13,0.00021865079365079363
2024-06-14,0.00021865079365079363
2024-06-17,0.00021904761904761904
2024-06-18,0.00021825396825396825
2024-06-20,0.00021825396825396825
2024-06-21,0.00021785714285714287
2024-06-24,0.00021825396825396825
2024-06-25,0.00021785714285714287
2024-06-26,0.00021825396825396825
2024-06-27,0.00021785714285714287
2024-06-28,0.00021746031746031747
2024-07-01,0.00021706349206349206
2024-07-02,0.00021706349206349206
2024-07-03,0.00021706349206349206
2024-07-05,0.00021666666666666668
2024-07-08,0.00021666666666666668
2024-07-09,0.00021666666666666668
2024-07-10,0.00021666666666666668
2024-07-11,0.0002158730158730159
2024-07-12,0.00021547619047619047
2024-07-15,0.00021547619047619047
2024-07-16,0.00021547619047619047
2024-07-17,0.00021547619047619047
2024-07-18,0.00021547619047619047
2024-07-19,0.00021547619047619047
2024-07-22,0.00021547619047619047
2024-07-23,0.00021468253968253968
2024-07-24,0.0002142857142857143
2024-07-25,0.00021388888888888887
2024-07-26,0.0002134920634920635
2024-07-29,0.00021468253968253968
2024-07-30,0.0002142857142857143
2024-07-31,0.00021468253968253968
2024-08-01,0.00021309523809523808
2024-08-02,0.00020992063492063494
2024-08-05,0.0002123015873015873
2024-08-06,0.0002119047619047619
2024-08-07,0.0002119047619047619
2024-08-08,0.0002119047619047619
2024-08-09,0.00021150793650793651
2024-08-12,0.00021150793650793651
2024-08-13,0.00021111111111111113
2024-08-14,0.00021111111111111113
2024-08-15,0.0002119047619047619
2024-08-16,0.00021150793650793651
2024-08-19,0.0002107142857142857
2024-08-20,0.00020992063492063494
2024-08-21,0.00020873015873015873
2024-08-22,0.0002095238095238095
2024-08-23,0.00020833333333333332
2024-08-26,0.00020793650793650794
2024-08-27,0.00020753968253968256
2024-08-28,0.00020674603174603175
2024-08-29,0.00020714285714285713
2024-08-30,0.00020674603174603175
2024-09-03,0.00020595238095238096
2024-09-04,0.00020555555555555556
2024-09-05,0.0002043650793650794
2024-09-06,0.00020357142857142856
2024-09-09,0.0002027777777777778
2024-09-10,0.0002007936507936508
2024-09-11,0.00020238095238095236
2024-09-12,0.0002007936507936508
2024-09-13,0.0001972222222222222
2024-09-16,0.00019682539682539682
2024-09-17,0.00019642857142857144
2024-09-18,0.00019206349206349205
2024-09-19,0.00019047619047619048
2024-09-20,0.0001884920634920635
2024-09-23,0.0001873015873015873
2024-09-24,0.00018611111111111112
2024-09-25,0.00018611111111111112
2024-09-26,0.0001857142857142857
2024-09-27,0.0001857142857142857
2024-09-30,0.0001876984126984127
2024-10-01,0.0001869047619047619
2024-10-02,0.00018611111111111112
2024-10-03,0.0001857142857142857
2024-10-04,0.0001876984126984127
2024-10-07,0.00018928571428571426
2024-10-08,0.0001884920634920635
2024-10-09,0.0001884920634920635
2024-10-10,0.0001884920634920635
2024-10-11,0.0001876984126984127
2024-10-14,0.0001876984126984127
2024-10-15,0.0001876984126984127
2024-10-16,0.0001873015873015873
2024-10-17,0.00018809523809523813
2024-10-18,0.0001876984126984127
2024-10-21,0.0001876984126984127
2024-10-22,0.0001873015873015873
2024-10-23,0.0001876984126984127
2024-10-24,0.0001865079365079365
2024-10-25,0.0001876984126984127
2024-10-28,0.0001865079365079365
2024-10-29,0.0001865079365079365
2024-10-30,0.0001853174603174603
2024-10-31,0.00018412698412698412
2024-11-01,0.00018293650793650796
2024-11-04,0.00018452380952380955
2024-11-05,0.00018412698412698412
2024-11-06,0.00018412698412698412
2024-11-07,0.00018373015873015874
2024-11-08,0.00018373015873015874
2024-11-11,0.00018373015873015874
2024-11-12,0.00018373015873015874
2024-11-13,0.00018253968253968252
2024-11-14,0.00018293650793650796
2024-11-15,0.00018253968253968252
2024-11-18,0.00018373015873015874
2024-11-19,0.00018333333333333334
2024-11-20,0.00018333333333333334
2024-11-21,0.00018373015873015874
2024-11-22,0.00018373015873015874
2024-11-25,0.00018333333333333334
2024-11-26,0.00018293650793650796
2024-11-27,0.00018253968253968252
2024-11-29,0.00018174603174603174
2024-12-02,0.00017896825396825398
2024-12-03,0.0001781746031746032
2024-12-04,0.00017738095238095238
2024-12-05,0.00017698412698412697
2024-12-06,0.00017539682539682538
2024-12-09,0.00017539682539682538
2024-12-10,0.000175
2024-12-11,0.0001738095238095238
2024-12-12,0.00017261904761904762
2024-12-13,0.00017222222222222224
2024-12-16,0.00017341269841269843
2024-12-17,0.0001738095238095238
2024-12-18,0.00017301587301587302
2024-12-19,0.00017261904761904762
2024-12-20,0.00017222222222222224
2024-12-23,0.00017301587301587302
2024-12-24,0.00017460317460317462
2024-12-26,0.00017261904761904762
2024-12-27,0.00017103174603174602
2024-12-30,0.00017341269841269843
2024-12-31,0.00017341269841269843
2025-01-02,0.00017301587301587302
2025-01-03,0.00017222222222222224
2025-01-06,0.00017261904761904762
2025-01-07,0.00017261904761904762
2025-01-08,0.00017261904761904762
2025-01-10,0.00017301587301587302
2025-01-13,0.00017341269841269843
2025-01-14,0.00017301587301587302
2025-01-15,0.00017261904761904762
2025-01-16,0.00017222222222222224
2025-01-17,0.00017222222222222224
2025-01-21,0.00017301587301587302
2025-01-22,0.00017301587301587302
2025-01-23,0.00017301587301587302
2025-01-24,0.00017261904761904762
2025-01-27,0.00017142857142857143
2025-01-28,0.00017103174603174602
2025-01-29,0.00017103174603174602
2025-01-30,0.0001706349206349206
2025-01-31,0.00017103174603174602
2025-02-03,0.00017222222222222224
2025-02-04,0.00017182539682539683
2025-02-05,0.00017182539682539683
2025-02-06,0.00017222222222222224
2025-02-07,0.00017261904761904762
2025-02-10,0.00017261904761904762
2025-02-11,0.00017261904761904762
2025-02-12,0.00017261904761904762
2025-02-13,0.00017222222222222224
2025-02-14,0.00017222222222222224
2025-02-18,0.00017222222222222224
2025-02-19,0.00017222222222222224
2025-02-20,0.00017182539682539683
2025-02-21,0.00017142857142857143
2025-02-24,0.00017103174603174602
2025-02-25,0.0001706349206349206
2025-02-26,0.00017103174603174602
2025-02-27,0.00017142857142857143
2025-02-28,0.00017142857142857143
2025-03-03,0.00017261904761904762
2025-03-04,0.00017222222222222224
2025-03-05,0.00017261904761904762
2025-03-06,0.00017222222222222224
2025-03-07,0.00017222222222222224
2025-03-10,0.00017182539682539683
2025-03-11,0.00017222222222222224
2025-03-12,0.00017261904761904762
2025-03-13,0.00017222222222222224
2025-03-14,0.00017182539682539683
2025-03-17,0.00017222222222222224
2025-03-18,0.00017222222222222224
2025-03-19,0.00017182539682539683
2025-03-20,0.00017182539682539683
2025-03-21,0.00017182539682539683
2025-03-24,0.00017182539682539683
2025-03-25,0.00017182539682539683
2025-03-26,0.00017182539682539683
2025-03-27,0.00017182539682539683
2025-03-28,0.00017182539682539683
2025-03-31,0.00017142857142857143
2025-04-01,0.00017142857142857143
2025-04-02,0.00017142857142857143
2025-04-03,0.00017103174603174602
2025-04-04,0.00016984126984126986
2025-04-07,0.00017023809523809523
2025-04-08,0.00017103174603174602
2025-04-09,0.00017261904761904762
2025-04-10,0.00017222222222222224
2025-04-11,0.00017222222222222224
2025-04-14,0.00017182539682539683
2025-04-15,0.00017182539682539683
2025-04-16,0.00017182539682539683
2025-04-17,0.00017222222222222224
2025-04-21,0.00017222222222222224
2025-04-22,0.00017182539682539683
2025-04-23,0.00017182539682539683
2025-04-24,0.00017142857142857143
2025-04-25,0.00017142857142857143
2025-04-28,0.00017142857142857143
2025-04-29,0.00017103174603174602
2025-04-30,0.00017103174603174602
2025-05-01,0.00017103174603174602
2025-05-02,0.00017182539682539683
2025-05-05,0.00017182539682539683
2025-05-06,0.00017182539682539683
2025-05-07,0.00017222222222222224
2025-05-08,0.00017222222222222224
2025-05-09,0.00017222222222222224
2025-05-12,0.00017539682539682538
2025-05-13,0.000175
2025-05-14,0.000175
2025-05-15,0.0001738095238095238
2025-05-16,0.00017341269841269843
2025-05-19,0.00017420634920634919
2025-05-20,0.0001738095238095238
2025-05-21,0.00017301587301587302
2025-05-22,0.00017341269841269843
2025-05-23,0.00017301587301587302
2025-05-27,0.00017261904761904762
2025-05-28,0.00017261904761904762
2025-05-29,0.00017301587301587302
2025-05-30,0.00017301587301587302
2025-06-02,0.0001761904761904762
2025-06-03,0.00017579365079365078
2025-06-04,0.0001761904761904762
2025-06-05,0.0001761904761904762
2025-06-06,0.00017579365079365078
2025-06-09,0.0001761904761904762
2025-06-10,0.0001765873015873016
2025-06-11,0.0001765873015873016
2025-06-12,0.00017698412698412697
2025-06-13,0.0001765873015873016
2025-06-16,0.00017579365079365078
2025-06-17,0.00017539682539682538
2025-06-18,0.00017539682539682538
2025-06-20,0.00017420634920634919
2025-06-23,0.0001738095238095238
2025-06-24,0.0001738095238095238
2025-06-25,0.0001738095238095238
2025-06-26,0.00017420634920634919
2025-06-27,0.00017420634920634919
2025-06-30,0.000175
2025-07-01,0.00017460317460317462
2025-07-02,0.000175
2025-07-03,0.00017539682539682538
2025-07-07,0.00017539682539682538
2025-07-08,0.00017539682539682538
2025-07-09,0.00017539682539682538
2025-07-10,0.00017539682539682538
2025-07-11,0.000175
2025-07-14,0.00017539682539682538
2025-07-15,0.00017539682539682538
2025-07-16,0.000175
2025-07-17,0.000175
2025-07-18,0.00017460317460317462
2025-07-21,0.000175
2025-07-22,0.000175
2025-07-23,0.000175
2025-07-24,0.00017539682539682538
2025-07-25,0.00017539682539682538
2025-07-28,0.00017460317460317462
2025-07-29,0.00017460317460317462
2025-07-30,0.000175
2025-07-31,0.000175
2025-08-01,0.00017261904761904762
2025-08-04,0.00017261904761904762
2025-08-05,0.00017222222222222224
2025-08-06,0.00017142857142857143
2025-08-07,0.00017142857142857143
2025-08-08,0.00017142857142857143
2025-08-11,0.00017222222222222224
2025-08-12,0.00017182539682539683
2025-08-13,0.00017023809523809523
2025-08-14,0.0001706349206349206
2025-08-15,0.0001706349206349206
2025-08-18,0.00017182539682539683
2025-08-19,0.0001706349206349206
2025-08-20,0.0001706349206349206
2025-08-21,0.00017142857142857143
2025-08-22,0.00016944444444444442
2025-08-25,0.00017023809523809523
2025-08-26,0.00016984126984126986
2025-08-27,0.00016904761904761904
2025-08-28,0.00016904761904761904
2025-08-29,0.00016785714285714288
2025-09-02,0.0001666666666666667
2025-09-03,0.00016587301587301585
2025-09-04,0.00016507936507936506
2025-09-05,0.00016150793650793652
2025-09-08,0.00016269841269841268
2025-09-09,0.00016269841269841268
2025-09-10,0.0001623015873015873
2025-09-11,0.00016190476190476192
2025-09-12,0.00016190476190476192
2025-09-15,0.0001611111111111111
2025-09-16,0.0001603174603174603
2025-09-17,0.0001595238095238095
2025-09-18,0.00015992063492063492
2025-09-19,0.00015992063492063492
2025-09-22,0.00015873015873015873
2025-09-23,0.00015873015873015873
2025-09-24,0.0001595238095238095
2025-09-25,0.0001603174603174603
2025-09-26,0.0001595238095238095
2025-09-29,0.0001603174603174603
2025-09-30,0.0001595238095238095
2025-10-01,0.0001591269841269841
2025-10-02,0.0001595238095238095
2025-10-03,0.00015992063492063492
2025-10-06,0.0001595238095238095
2025-10-07,0.0001591269841269841
2025-10-08,0.0001591269841269841
2025-10-09,0.00015992063492063492
2025-10-10,0.0001595238095238095
2025-10-13,0.0001595238095238095
2025-10-14,0.0001595238095238095
2025-10-15,0.00015992063492063492
2025-10-16,0.0001595238095238095
2025-10-17,0.00015873015873015873
2025-10-20,0.00015753968253968254
2025-10-21,0.00015714285714285713
2025-10-22,0.00015714285714285713
2025-10-23,0.00015674603174603175
2025-10-24,0.00015595238095238097
2025-10-27,0.00015436507936507937
2025-10-28,0.00015436507936507937
2025-10-29,0.00015595238095238097
2025-10-30,0.00015555555555555556
